Date,Unit,Minimum,Maximum,Average,Market
16-06-2013,Kg,26,32,29,Tomato
17-06-2013,Kg,20,25,22.5,Tomato
18-06-2013,Kg,22,26,24,Tomato
19-06-2013,Kg,24,28,26,Tomato
20-06-2013,Kg,22,26,24,Tomato
21-06-2013,Kg,15,20,17.5,Tomato
25-06-2013,Kg,25,30,27.5,Tomato
26-06-2013,Kg,20,25,22.5,Tomato
27-06-2013,Kg,18,24,21,Tomato
28-06-2013,Kg,24,28,26,Tomato
30-06-2013,Kg,18,22,20,Tomato
01-07-2013,Kg,15,20,17.5,Tomato
02-07-2013,Kg,15,20,17.5,Tomato
03-07-2013,Kg,14,18,16,Tomato
04-07-2013,Kg,14,18,16,Tomato
05-07-2013,Kg,18,24,21,Tomato
09-07-2013,Kg,20,25,22.5,Tomato
10-07-2013,Kg,30,35,32.5,Tomato
11-07-2013,Kg,32,38,35,Tomato
12-07-2013,Kg,44,48,46,Tomato
14-07-2013,Kg,50,55,52.5,Tomato
15-07-2013,Kg,50,55,52.5,Tomato
16-07-2013,Kg,48,52,50,Tomato
17-07-2013,Kg,46,52,49,Tomato
18-07-2013,Kg,40,45,42.5,Tomato
19-07-2013,Kg,36,40,38,Tomato
21-07-2013,Kg,28,32,30,Tomato
22-07-2013,Kg,28,32,30,Tomato
23-07-2013,Kg,30,35,32.5,Tomato
24-07-2013,Kg,32,36,34,Tomato
25-07-2013,Kg,40,45,42.5,Tomato
26-07-2013,Kg,40,45,42.5,Tomato
28-07-2013,Kg,40,45,42.5,Tomato
29-07-2013,Kg,42,46,44,Tomato
30-07-2013,Kg,38,42,40,Tomato
31-07-2013,Kg,35,40,37.5,Tomato
01-08-2013,Kg,34,38,36,Tomato
02-08-2013,Kg,25,35,30,Tomato
04-08-2013,Kg,25,30,27.5,Tomato
05-08-2013,Kg,25,30,27.5,Tomato
06-08-2013,Kg,28,34,31,Tomato
07-08-2013,Kg,25,30,27.5,Tomato
08-08-2013,Kg,20,25,22.5,Tomato
12-08-2013,Kg,24,28,26,Tomato
13-08-2013,Kg,25,30,27.5,Tomato
14-08-2013,Kg,25,30,27.5,Tomato
15-08-2013,Kg,25,32,28.5,Tomato
16-08-2013,Kg,35,40,37.5,Tomato
18-08-2013,Kg,30,35,32.5,Tomato
19-08-2013,Kg,35,40,37.5,Tomato
20-08-2013,Kg,38,42,40,Tomato
23-08-2013,Kg,40,44,42,Tomato
25-08-2013,Kg,30,35,32.5,Tomato
26-08-2013,Kg,28,32,30,Tomato
27-08-2013,Kg,28,32,30,Tomato
29-08-2013,Kg,34,38,36,Tomato
30-08-2013,Kg,30,35,32.5,Tomato
01-09-2013,Kg,30,35,32.5,Tomato
02-09-2013,Kg,35,40,37.5,Tomato
03-09-2013,Kg,40,45,42.5,Tomato
04-09-2013,Kg,40,45,42.5,Tomato
05-09-2013,Kg,45,50,47.5,Tomato
06-09-2013,Kg,50,55,52.5,Tomato
08-09-2013,Kg,50,56,53,Tomato
09-09-2013,Kg,55,60,57.5,Tomato
10-09-2013,Kg,44,50,47,Tomato
11-09-2013,Kg,38,42,40,Tomato
12-09-2013,Kg,36,42,39,Tomato
13-09-2013,Kg,35,40,37.5,Tomato
15-09-2013,Kg,35,40,37.5,Tomato
16-09-2013,Kg,32,38,35,Tomato
17-09-2013,Kg,35,40,37.5,Tomato
19-09-2013,Kg,35,40,37.5,Tomato
20-09-2013,Kg,35,40,37.5,Tomato
22-09-2013,Kg,30,35,32.5,Tomato
23-09-2013,Kg,30,35,32.5,Tomato
24-09-2013,Kg,30,35,32.5,Tomato
25-09-2013,Kg,30,31,30.5,Tomato
26-09-2013,Kg,30,35,32.5,Tomato
27-09-2013,Kg,35,40,37.5,Tomato
29-09-2013,Kg,35,40,37.5,Tomato
30-09-2013,Kg,38,42,40,Tomato
01-10-2013,Kg,38,42,40,Tomato
02-10-2013,Kg,40,45,42.5,Tomato
03-10-2013,Kg,40,45,42.5,Tomato
04-10-2013,Kg,40,45,42.5,Tomato
06-10-2013,Kg,65,75,70,Tomato
07-10-2013,Kg,60,70,65,Tomato
08-10-2013,Kg,55,60,57.5,Tomato
09-10-2013,Kg,75,80,77.5,Tomato
10-10-2013,Kg,75,80,77.5,Tomato
11-10-2013,Kg,75,80,77.5,Tomato
12-10-2013,Kg,60,70,65,Tomato
13-10-2013,Kg,65,75,70,Tomato
14-10-2013,Kg,65,75,70,Tomato
15-10-2013,Kg,65,70,67.5,Tomato
16-10-2013,Kg,55,65,60,Tomato
17-10-2013,Kg,40,50,45,Tomato
20-10-2013,Kg,30,35,32.5,Tomato
21-10-2013,Kg,35,40,37.5,Tomato
22-10-2013,Kg,30,35,32.5,Tomato
23-10-2013,Kg,30,35,32.5,Tomato
24-10-2013,Kg,35,40,37.5,Tomato
25-10-2013,Kg,35,45,40,Tomato
27-10-2013,Kg,45,50,47.5,Tomato
28-10-2013,Kg,45,50,47.5,Tomato
29-10-2013,Kg,45,55,50,Tomato
30-10-2013,Kg,45,50,47.5,Tomato
31-10-2013,Kg,45,50,47.5,Tomato
01-11-2013,Kg,40,50,45,Tomato
04-11-2013,Kg,50,55,52.5,Tomato
05-11-2013,Kg,55,64,59.5,Tomato
06-11-2013,Kg,60,70,65,Tomato
07-11-2013,Kg,70,80,75,Tomato
10-11-2013,Kg,50,60,55,Tomato
11-11-2013,Kg,50,60,55,Tomato
12-11-2013,Kg,70,80,75,Tomato
13-11-2013,Kg,65,75,70,Tomato
14-11-2013,Kg,56,65,60.5,Tomato
15-11-2013,Kg,54,60,57,Tomato
16-11-2013,Kg,60,70,65,Tomato
17-11-2013,Kg,70,75,72.5,Tomato
18-11-2013,Kg,60,70,65,Tomato
20-11-2013,Kg,60,70,65,Tomato
21-11-2013,Kg,55,65,60,Tomato
22-11-2013,Kg,55,60,57.5,Tomato
24-11-2013,Kg,50,60,55,Tomato
25-11-2013,Kg,58,62,60,Tomato
26-11-2013,Kg,60,70,65,Tomato
27-11-2013,Kg,60,70,65,Tomato
28-11-2013,Kg,55,60,57.5,Tomato
29-11-2013,Kg,45,55,50,Tomato
01-12-2013,Kg,45,50,47.5,Tomato
02-12-2013,Kg,45,50,47.5,Tomato
03-12-2013,Kg,40,50,45,Tomato
04-12-2013,Kg,40,45,42.5,Tomato
05-12-2013,Kg,25,30,27.5,Tomato
06-12-2013,Kg,25,30,27.5,Tomato
08-12-2013,Kg,25,30,27.5,Tomato
09-12-2013,Kg,25,30,27.5,Tomato
10-12-2013,Kg,30,35,32.5,Tomato
11-12-2013,Kg,28,32,30,Tomato
12-12-2013,Kg,25,30,27.5,Tomato
13-12-2013,Kg,25,30,27.5,Tomato
15-12-2013,Kg,22,28,25,Tomato
16-12-2013,Kg,24,28,26,Tomato
18-12-2013,Kg,22,28,25,Tomato
19-12-2013,Kg,22,28,25,Tomato
20-12-2013,Kg,22,26,24,Tomato
22-12-2013,Kg,22,28,25,Tomato
23-12-2013,Kg,25,30,27.5,Tomato
24-12-2013,Kg,26,32,29,Tomato
26-12-2013,Kg,32,38,35,Tomato
27-12-2013,Kg,32,38,35,Tomato
29-12-2013,Kg,32,36,34,Tomato
31-12-2013,Kg,30,35,32.5,Tomato
01-01-2014,Kg,30,35,32.5,Tomato
02-01-2014,Kg,30,35,32.5,Tomato
03-01-2014,Kg,30,35,32.5,Tomato
05-01-2014,Kg,30,35,32.5,Tomato
06-01-2014,Kg,30,35,32.5,Tomato
07-01-2014,Kg,26,32,29,Tomato
08-01-2014,Kg,30,35,32.5,Tomato
09-01-2014,Kg,30,35,32.5,Tomato
10-01-2014,Kg,30,35,32.5,Tomato
12-01-2014,Kg,30,35,32.5,Tomato
13-01-2014,Kg,30,35,32.5,Tomato
14-01-2014,Kg,30,35,32.5,Tomato
16-01-2014,Kg,32,36,34,Tomato
17-01-2014,Kg,28,34,31,Tomato
19-01-2014,Kg,24,28,26,Tomato
20-01-2014,Kg,20,25,22.5,Tomato
21-01-2014,Kg,18,25,21.5,Tomato
22-01-2014,Kg,15,20,17.5,Tomato
23-01-2014,Kg,16,22,19,Tomato
24-01-2014,Kg,18,25,21.5,Tomato
26-01-2014,Kg,18,20,19,Tomato
27-01-2014,Kg,18,22,20,Tomato
28-01-2014,Kg,18,24,21,Tomato
29-01-2014,Kg,20,25,22.5,Tomato
02-02-2014,Kg,20,25,22.5,Tomato
03-02-2014,Kg,30,35,32.5,Tomato
04-02-2014,Kg,30,35,32.5,Tomato
05-02-2014,Kg,30,35,32.5,Tomato
06-02-2014,Kg,28,34,31,Tomato
07-02-2014,Kg,30,35,32.5,Tomato
08-02-2014,Kg,32,36,34,Tomato
09-02-2014,Kg,30,35,32.5,Tomato
10-02-2014,Kg,25,30,27.5,Tomato
11-02-2014,Kg,25,30,27.5,Tomato
12-02-2014,Kg,25,30,27.5,Tomato
13-02-2014,Kg,24,28,26,Tomato
14-02-2014,Kg,25,30,27.5,Tomato
16-02-2014,Kg,25,32,28.5,Tomato
17-02-2014,Kg,28,32,30,Tomato
18-02-2014,Kg,30,35,32.5,Tomato
20-02-2014,Kg,34,38,36,Tomato
21-02-2014,Kg,28,35,31.5,Tomato
23-02-2014,Kg,25,30,27.5,Tomato
24-02-2014,Kg,32,36,34,Tomato
25-02-2014,Kg,30,35,32.5,Tomato
26-02-2014,Kg,28,34,31,Tomato
28-02-2014,Kg,32,38,35,Tomato
03-03-2014,Kg,50,60,55,Tomato
05-03-2014,Kg,45,52,48.5,Tomato
06-03-2014,Kg,45,50,47.5,Tomato
07-03-2014,Kg,45,50,47.5,Tomato
09-03-2014,Kg,45,50,47.5,Tomato
10-03-2014,Kg,40,45,42.5,Tomato
11-03-2014,Kg,45,50,47.5,Tomato
12-03-2014,Kg,45,50,47.5,Tomato
13-03-2014,Kg,52,58,55,Tomato
14-03-2014,Kg,52,58,55,Tomato
17-03-2014,Kg,50,55,52.5,Tomato
18-03-2014,Kg,30,36,33,Tomato
19-03-2014,Kg,35,40,37.5,Tomato
20-03-2014,Kg,40,45,42.5,Tomato
21-03-2014,Kg,35,40,37.5,Tomato
23-03-2014,Kg,25,30,27.5,Tomato
24-03-2014,Kg,30,35,32.5,Tomato
25-03-2014,Kg,35,40,37.5,Tomato
26-03-2014,Kg,42,48,45,Tomato
27-03-2014,Kg,40,45,42.5,Tomato
28-03-2014,Kg,40,45,42.5,Tomato
31-03-2014,Kg,35,45,40,Tomato
01-04-2014,Kg,34,40,37,Tomato
02-04-2014,Kg,36,45,40.5,Tomato
03-04-2014,Kg,38,45,41.5,Tomato
04-04-2014,Kg,38,45,41.5,Tomato
06-04-2014,Kg,40,46,43,Tomato
07-04-2014,Kg,40,45,42.5,Tomato
09-04-2014,Kg,38,42,40,Tomato
10-04-2014,Kg,30,40,35,Tomato
11-04-2014,Kg,40,45,42.5,Tomato
13-04-2014,Kg,45,50,47.5,Tomato
15-04-2014,Kg,40,45,42.5,Tomato
16-04-2014,Kg,38,42,40,Tomato
17-04-2014,Kg,35,40,37.5,Tomato
18-04-2014,Kg,34,36,35,Tomato
20-04-2014,Kg,35,40,37.5,Tomato
21-04-2014,Kg,30,35,32.5,Tomato
22-04-2014,Kg,35,40,37.5,Tomato
23-04-2014,Kg,32,36,34,Tomato
25-04-2014,Kg,30,35,32.5,Tomato
27-04-2014,Kg,32,36,34,Tomato
28-04-2014,Kg,32,36,34,Tomato
29-04-2014,Kg,28,32,30,Tomato
30-04-2014,Kg,30,35,32.5,Tomato
02-05-2014,Kg,28,32,30,Tomato
04-05-2014,Kg,25,30,27.5,Tomato
05-05-2014,Kg,18,24,21,Tomato
06-05-2014,Kg,15,20,17.5,Tomato
07-05-2014,Kg,12,15,13.5,Tomato
08-05-2014,Kg,14,18,16,Tomato
09-05-2014,Kg,15,20,17.5,Tomato
11-05-2014,Kg,15,20,17.5,Tomato
12-05-2014,Kg,24,28,26,Tomato
13-05-2014,Kg,24,28,26,Tomato
15-05-2014,Kg,20,25,22.5,Tomato
16-05-2014,Kg,30,35,32.5,Tomato
18-05-2014,Kg,25,30,27.5,Tomato
19-05-2014,Kg,22,26,24,Tomato
20-05-2014,Kg,20,25,22.5,Tomato
21-05-2014,Kg,15,20,17.5,Tomato
22-05-2014,Kg,14,18,16,Tomato
23-05-2014,Kg,15,20,17.5,Tomato
25-05-2014,Kg,16,22,19,Tomato
26-05-2014,Kg,20,25,22.5,Tomato
27-05-2014,Kg,20,25,22.5,Tomato
28-05-2014,Kg,24,28,26,Tomato
30-05-2014,Kg,20,25,22.5,Tomato
01-06-2014,Kg,25,30,27.5,Tomato
02-06-2014,Kg,28,32,30,Tomato
03-06-2014,Kg,30,35,32.5,Tomato
04-06-2014,Kg,35,40,37.5,Tomato
05-06-2014,Kg,44,48,46,Tomato
06-06-2014,Kg,40,45,42.5,Tomato
08-06-2014,Kg,40,45,42.5,Tomato
09-06-2014,Kg,35,40,37.5,Tomato
10-06-2014,Kg,30,36,33,Tomato
11-06-2014,Kg,26,32,29,Tomato
12-06-2014,Kg,24,30,27,Tomato
13-06-2014,Kg,25,30,27.5,Tomato
15-06-2014,Kg,22,26,24,Tomato
16-06-2014,Kg,18,22,20,Tomato
17-06-2014,Kg,18,22,20,Tomato
18-06-2014,Kg,15,20,17.5,Tomato
19-06-2014,Kg,14,18,16,Tomato
20-06-2014,Kg,14,20,17,Tomato
23-06-2014,Kg,18,20,19,Tomato
24-06-2014,Kg,14,18,16,Tomato
25-06-2014,Kg,18,22,20,Tomato
26-06-2014,Kg,18,24,21,Tomato
27-06-2014,Kg,22,28,25,Tomato
29-06-2014,Kg,20,25,22.5,Tomato
30-06-2014,Kg,16,20,18,Tomato
01-07-2014,Kg,16,20,18,Tomato
02-07-2014,Kg,14,18,16,Tomato
03-07-2014,Kg,15,20,17.5,Tomato
04-07-2014,Kg,14,18,16,Tomato
05-07-2014,Kg,14,18,16,Tomato
06-07-2014,Kg,14,16,15,Tomato
07-07-2014,Kg,14,18,16,Tomato
08-07-2014,Kg,12,16,14,Tomato
09-07-2014,Kg,12,16,14,Tomato
10-07-2014,Kg,12,16,14,Tomato
11-07-2014,Kg,12,16,14,Tomato
12-07-2014,Kg,10,14,12,Tomato
13-07-2014,Kg,12,18,15,Tomato
14-07-2014,Kg,10,15,12.5,Tomato
15-07-2014,Kg,10,15,12.5,Tomato
16-07-2014,Kg,10,15,12.5,Tomato
17-07-2014,Kg,12,15,13.5,Tomato
18-07-2014,Kg,15,20,17.5,Tomato
19-07-2014,Kg,15,20,17.5,Tomato
20-07-2014,Kg,18,20,19,Tomato
21-07-2014,Kg,15,20,17.5,Tomato
22-07-2014,Kg,15,20,17.5,Tomato
23-07-2014,Kg,15,20,17.5,Tomato
24-07-2014,Kg,25,28,26.5,Tomato
25-07-2014,Kg,28,30,29,Tomato
26-07-2014,Kg,35,40,37.5,Tomato
27-07-2014,Kg,35,40,37.5,Tomato
28-07-2014,Kg,34,38,36,Tomato
29-07-2014,Kg,32,36,34,Tomato
30-07-2014,Kg,30,35,32.5,Tomato
31-07-2014,Kg,34,36,35,Tomato
01-08-2014,Kg,32,36,34,Tomato
02-08-2014,Kg,32,36,34,Tomato
03-08-2014,Kg,30,34,32,Tomato
04-08-2014,Kg,28,34,31,Tomato
05-08-2014,Kg,28,32,30,Tomato
06-08-2014,Kg,28,32,30,Tomato
07-08-2014,Kg,30,34,32,Tomato
08-08-2014,Kg,24,28,26,Tomato
09-08-2014,Kg,24,28,26,Tomato
10-08-2014,Kg,22,26,24,Tomato
11-08-2014,Kg,26,30,28,Tomato
12-08-2014,Kg,24,28,26,Tomato
13-08-2014,Kg,25,28,26.5,Tomato
14-08-2014,Kg,25,28,26.5,Tomato
15-08-2014,Kg,28,32,30,Tomato
16-08-2014,Kg,32,36,34,Tomato
17-08-2014,Kg,30,34,32,Tomato
18-08-2014,Kg,34,38,36,Tomato
19-08-2014,Kg,35,40,37.5,Tomato
20-08-2014,Kg,42,46,44,Tomato
21-08-2014,Kg,50,55,52.5,Tomato
22-08-2014,Kg,50,55,52.5,Tomato
23-08-2014,Kg,44,48,46,Tomato
24-08-2014,Kg,50,55,52.5,Tomato
25-08-2014,Kg,52,56,54,Tomato
26-08-2014,Kg,60,65,62.5,Tomato
27-08-2014,Kg,58,64,61,Tomato
28-08-2014,Kg,52,56,54,Tomato
29-08-2014,Kg,54,58,56,Tomato
31-08-2014,Kg,40,55,47.5,Tomato
01-09-2014,Kg,38,44,41,Tomato
02-09-2014,Kg,38,42,40,Tomato
03-09-2014,Kg,36,42,39,Tomato
04-09-2014,Kg,35,40,37.5,Tomato
05-09-2014,Kg,28,35,31.5,Tomato
06-09-2014,Kg,28,34,31,Tomato
07-09-2014,Kg,22,30,26,Tomato
08-09-2014,Kg,25,30,27.5,Tomato
09-09-2014,Kg,22,28,25,Tomato
10-09-2014,Kg,22,26,24,Tomato
11-09-2014,Kg,25,30,27.5,Tomato
12-09-2014,Kg,28,32,30,Tomato
13-09-2014,Kg,25,28,26.5,Tomato
14-09-2014,Kg,30,35,32.5,Tomato
15-09-2014,Kg,46,52,49,Tomato
16-09-2014,Kg,46,52,49,Tomato
17-09-2014,Kg,45,50,47.5,Tomato
18-09-2014,Kg,46,52,49,Tomato
19-09-2014,Kg,50,60,55,Tomato
20-09-2014,Kg,55,65,60,Tomato
21-09-2014,Kg,60,75,67.5,Tomato
22-09-2014,Kg,55,60,57.5,Tomato
23-09-2014,Kg,50,55,52.5,Tomato
24-09-2014,Kg,50,60,55,Tomato
26-09-2014,Kg,42,48,45,Tomato
28-09-2014,Kg,44,49,46.5,Tomato
29-09-2014,Kg,50,55,52.5,Tomato
30-09-2014,Kg,55,65,60,Tomato
08-10-2014,Kg,30,35,32.5,Tomato
09-10-2014,Kg,28,35,31.5,Tomato
10-10-2014,Kg,30,36,33,Tomato
12-10-2014,Kg,32,36,34,Tomato
13-10-2014,Kg,35,40,37.5,Tomato
14-10-2014,Kg,48,55,51.5,Tomato
15-10-2014,Kg,60,65,62.5,Tomato
16-10-2014,Kg,55,65,60,Tomato
17-10-2014,Kg,55,65,60,Tomato
19-10-2014,Kg,45,50,47.5,Tomato
20-10-2014,Kg,45,50,47.5,Tomato
21-10-2014,Kg,50,55,52.5,Tomato
22-10-2014,Kg,55,60,57.5,Tomato
23-10-2014,Kg,50,58,54,Tomato
24-10-2014,Kg,42,58,50,Tomato
25-10-2014,Kg,36,58,47,Tomato
26-10-2014,Kg,25,30,27.5,Tomato
27-10-2014,Kg,30,35,32.5,Tomato
28-10-2014,Kg,35,40,37.5,Tomato
29-10-2014,Kg,25,30,27.5,Tomato
30-10-2014,Kg,24,28,26,Tomato
31-10-2014,Kg,28,34,31,Tomato
01-11-2014,Kg,28,32,30,Tomato
02-11-2014,Kg,26,30,28,Tomato
03-11-2014,Kg,28,32,30,Tomato
04-11-2014,Kg,30,36,33,Tomato
05-11-2014,Kg,30,35,32.5,Tomato
06-11-2014,Kg,28,34,31,Tomato
07-11-2014,Kg,30,35,32.5,Tomato
08-11-2014,Kg,30,35,32.5,Tomato
09-11-2014,Kg,28,34,31,Tomato
10-11-2014,Kg,22,28,25,Tomato
11-11-2014,Kg,24,28,26,Tomato
12-11-2014,Kg,18,24,21,Tomato
13-11-2014,Kg,18,22,20,Tomato
14-11-2014,Kg,18,22,20,Tomato
15-11-2014,Kg,18,22,20,Tomato
16-11-2014,Kg,18,22,20,Tomato
17-11-2014,Kg,16,20,18,Tomato
18-11-2014,Kg,15,20,17.5,Tomato
19-11-2014,Kg,18,20,19,Tomato
20-11-2014,Kg,15,20,17.5,Tomato
21-11-2014,Kg,16,20,18,Tomato
22-11-2014,Kg,20,24,22,Tomato
23-11-2014,Kg,20,26,23,Tomato
24-11-2014,Kg,18,25,21.5,Tomato
25-11-2014,Kg,20,25,22.5,Tomato
26-11-2014,Kg,25,30,27.5,Tomato
27-11-2014,Kg,28,35,31.5,Tomato
28-11-2014,Kg,28,32,30,Tomato
29-11-2014,Kg,28,32,30,Tomato
30-11-2014,Kg,28,35,31.5,Tomato
01-12-2014,Kg,22,28,25,Tomato
02-12-2014,Kg,25,30,27.5,Tomato
03-12-2014,Kg,25,30,27.5,Tomato
04-12-2014,Kg,28,30,29,Tomato
05-12-2014,Kg,28,32,30,Tomato
06-12-2014,Kg,30,34,32,Tomato
07-12-2014,Kg,30,34,32,Tomato
08-12-2014,Kg,30,35,32.5,Tomato
09-12-2014,Kg,32,35,33.5,Tomato
10-12-2014,Kg,30,34,32,Tomato
11-12-2014,Kg,25,30,27.5,Tomato
12-12-2014,Kg,22,26,24,Tomato
13-12-2014,Kg,18,22,20,Tomato
14-12-2014,Kg,17,22,19.5,Tomato
15-12-2014,Kg,22,28,25,Tomato
16-12-2014,Kg,24,30,27,Tomato
17-12-2014,Kg,32,36,34,Tomato
18-12-2014,Kg,34,40,37,Tomato
19-12-2014,Kg,30,35,32.5,Tomato
21-12-2014,Kg,25,30,27.5,Tomato
22-12-2014,Kg,25,35,30,Tomato
23-12-2014,Kg,40,45,42.5,Tomato
24-12-2014,Kg,35,45,40,Tomato
25-12-2014,Kg,35,45,40,Tomato
26-12-2014,Kg,38,44,41,Tomato
27-12-2014,Kg,40,45,42.5,Tomato
28-12-2014,Kg,35,40,37.5,Tomato
29-12-2014,Kg,40,45,42.5,Tomato
30-12-2014,Kg,40,45,42.5,Tomato
31-12-2014,Kg,34,38,36,Tomato
01-01-2015,Kg,32,36,34,Tomato
02-01-2015,Kg,35,40,37.5,Tomato
03-01-2015,Kg,40,45,42.5,Tomato
04-01-2015,Kg,30,36,33,Tomato
05-01-2015,Kg,30,40,35,Tomato
06-01-2015,Kg,30,36,33,Tomato
07-01-2015,Kg,25,30,27.5,Tomato
08-01-2015,Kg,25,30,27.5,Tomato
09-01-2015,Kg,16,22,19,Tomato
11-01-2015,Kg,20,25,22.5,Tomato
12-01-2015,Kg,18,22,20,Tomato
13-01-2015,Kg,20,25,22.5,Tomato
14-01-2015,Kg,20,25,22.5,Tomato
15-01-2015,Kg,25,30,27.5,Tomato
16-01-2015,Kg,28,32,30,Tomato
17-01-2015,Kg,25,30,27.5,Tomato
18-01-2015,Kg,26,30,28,Tomato
19-01-2015,Kg,25,30,27.5,Tomato
20-01-2015,Kg,25,30,27.5,Tomato
21-01-2015,Kg,25,30,27.5,Tomato
22-01-2015,Kg,25,30,27.5,Tomato
23-01-2015,Kg,25,30,27.5,Tomato
25-01-2015,Kg,22,24,23,Tomato
26-01-2015,Kg,22,28,25,Tomato
27-01-2015,Kg,20,22,21,Tomato
28-01-2015,Kg,16,20,18,Tomato
29-01-2015,Kg,15,20,17.5,Tomato
31-01-2015,Kg,15,20,17.5,Tomato
01-02-2015,Kg,14,18,16,Tomato
02-02-2015,Kg,15,20,17.5,Tomato
03-02-2015,Kg,18,22,20,Tomato
04-02-2015,Kg,14,18,16,Tomato
05-02-2015,Kg,14,18,16,Tomato
06-02-2015,Kg,14,18,16,Tomato
07-02-2015,Kg,16,20,18,Tomato
08-02-2015,Kg,16,20,18,Tomato
09-02-2015,Kg,15,20,17.5,Tomato
10-02-2015,Kg,16,20,18,Tomato
11-02-2015,Kg,15,20,17.5,Tomato
12-02-2015,Kg,15,18,16.5,Tomato
13-02-2015,Kg,16,20,18,Tomato
14-02-2015,Kg,15,18,16.5,Tomato
15-02-2015,Kg,15,18,16.5,Tomato
16-02-2015,Kg,15,20,17.5,Tomato
18-02-2015,Kg,12,16,14,Tomato
19-02-2015,Kg,12,18,15,Tomato
20-02-2015,Kg,12,16,14,Tomato
22-02-2015,Kg,14,18,16,Tomato
23-02-2015,Kg,14,18,16,Tomato
24-02-2015,Kg,12,16,14,Tomato
25-02-2015,Kg,14,18,16,Tomato
26-02-2015,Kg,12,16,14,Tomato
27-02-2015,Kg,12,18,15,Tomato
01-03-2015,Kg,16,20,18,Tomato
02-03-2015,Kg,16,20,18,Tomato
03-03-2015,Kg,18,22,20,Tomato
06-03-2015,Kg,18,24,21,Tomato
09-03-2015,Kg,16,20,18,Tomato
10-03-2015,Kg,16,20,18,Tomato
11-03-2015,Kg,38,40,39,Tomato
12-03-2015,Kg,30,36,33,Tomato
13-03-2015,Kg,30,36,33,Tomato
14-03-2015,Kg,30,35,32.5,Tomato
15-03-2015,Kg,30,35,32.5,Tomato
16-03-2015,Kg,40,44,42,Tomato
17-03-2015,Kg,40,45,42.5,Tomato
18-03-2015,Kg,40,45,42.5,Tomato
19-03-2015,Kg,50,60,55,Tomato
20-03-2015,Kg,50,60,55,Tomato
21-03-2015,Kg,50,60,55,Tomato
22-03-2015,Kg,50,60,55,Tomato
23-03-2015,Kg,50,55,52.5,Tomato
24-03-2015,Kg,50,55,52.5,Tomato
25-03-2015,Kg,45,50,47.5,Tomato
26-03-2015,Kg,40,50,45,Tomato
27-03-2015,Kg,50,60,55,Tomato
28-03-2015,Kg,50,55,52.5,Tomato
29-03-2015,Kg,50,52,51,Tomato
30-03-2015,Kg,50,55,52.5,Tomato
31-03-2015,Kg,35,40,37.5,Tomato
01-04-2015,Kg,28,30,29,Tomato
02-04-2015,Kg,34,36,35,Tomato
03-04-2015,Kg,30,35,32.5,Tomato
04-04-2015,Kg,30,35,32.5,Tomato
05-04-2015,Kg,30,35,32.5,Tomato
06-04-2015,Kg,28,32,30,Tomato
07-04-2015,Kg,25,30,27.5,Tomato
08-04-2015,Kg,30,35,32.5,Tomato
10-04-2015,Kg,40,45,42.5,Tomato
12-04-2015,Kg,35,40,37.5,Tomato
13-04-2015,Kg,32,35,33.5,Tomato
14-04-2015,Kg,35,40,37.5,Tomato
15-04-2015,Kg,30,35,32.5,Tomato
16-04-2015,Kg,30,35,32.5,Tomato
17-04-2015,Kg,30,35,32.5,Tomato
18-04-2015,Kg,30,35,32.5,Tomato
19-04-2015,Kg,30,35,32.5,Tomato
20-04-2015,Kg,20,25,22.5,Tomato
21-04-2015,Kg,30,35,32.5,Tomato
22-04-2015,Kg,25,30,27.5,Tomato
23-04-2015,Kg,30,35,32.5,Tomato
24-04-2015,Kg,50,55,52.5,Tomato
25-04-2015,Kg,50,60,55,Tomato
26-04-2015,Kg,35,40,37.5,Tomato
27-04-2015,Kg,35,35,35,Tomato
28-04-2015,Kg,50,55,52.5,Tomato
29-04-2015,Kg,55,60,57.5,Tomato
30-04-2015,Kg,30,35,32.5,Tomato
01-05-2015,Kg,30,35,32.5,Tomato
02-05-2015,Kg,25,30,27.5,Tomato
03-05-2015,Kg,12,15,13.5,Tomato
04-05-2015,Kg,30,35,32.5,Tomato
05-05-2015,Kg,45,50,47.5,Tomato
06-05-2015,Kg,60,65,62.5,Tomato
07-05-2015,Kg,55,60,57.5,Tomato
08-05-2015,Kg,50,60,55,Tomato
10-05-2015,Kg,50,55,52.5,Tomato
11-05-2015,Kg,50,52,51,Tomato
12-05-2015,Kg,40,45,42.5,Tomato
13-05-2015,Kg,35,40,37.5,Tomato
14-05-2015,Kg,35,40,37.5,Tomato
15-05-2015,Kg,30,40,35,Tomato
16-05-2015,Kg,30,36,33,Tomato
17-05-2015,Kg,30,35,32.5,Tomato
18-05-2015,Kg,30,35,32.5,Tomato
19-05-2015,Kg,30,35,32.5,Tomato
20-05-2015,Kg,35,40,37.5,Tomato
21-05-2015,Kg,35,40,37.5,Tomato
22-05-2015,Kg,60,65,62.5,Tomato
23-05-2015,Kg,65,75,70,Tomato
24-05-2015,Kg,70,75,72.5,Tomato
25-05-2015,Kg,70,75,72.5,Tomato
26-05-2015,Kg,70,75,72.5,Tomato
27-05-2015,Kg,70,75,72.5,Tomato
28-05-2015,Kg,70,75,72.5,Tomato
29-05-2015,Kg,70,75,72.5,Tomato
30-05-2015,Kg,70,80,75,Tomato
31-05-2015,Kg,60,65,62.5,Tomato
01-06-2015,Kg,50,55,52.5,Tomato
02-06-2015,Kg,50,55,52.5,Tomato
03-06-2015,Kg,55,60,57.5,Tomato
04-06-2015,Kg,55,60,57.5,Tomato
05-06-2015,Kg,55,60,57.5,Tomato
06-06-2015,Kg,55,70,62.5,Tomato
07-06-2015,Kg,40,45,42.5,Tomato
08-06-2015,Kg,45,50,47.5,Tomato
09-06-2015,Kg,45,50,47.5,Tomato
10-06-2015,Kg,40,45,42.5,Tomato
11-06-2015,Kg,50,55,52.5,Tomato
12-06-2015,Kg,45,50,47.5,Tomato
13-06-2015,Kg,45,55,50,Tomato
14-06-2015,Kg,50,55,52.5,Tomato
15-06-2015,Kg,38,43,40.5,Tomato
16-06-2015,Kg,30,36,33,Tomato
17-06-2015,Kg,38,40,39,Tomato
18-06-2015,Kg,35,40,37.5,Tomato
19-06-2015,Kg,35,40,37.5,Tomato
20-06-2015,Kg,30,40,35,Tomato
21-06-2015,Kg,35,40,37.5,Tomato
22-06-2015,Kg,30,35,32.5,Tomato
23-06-2015,Kg,34,38,36,Tomato
24-06-2015,Kg,40,45,42.5,Tomato
25-06-2015,Kg,35,43,39,Tomato
26-06-2015,Kg,35,40,37.5,Tomato
27-06-2015,Kg,30,50,40,Tomato
28-06-2015,Kg,40,45,42.5,Tomato
29-06-2015,Kg,40,50,45,Tomato
30-06-2015,Kg,40,50,45,Tomato
01-07-2015,Kg,40,50,45,Tomato
02-07-2015,Kg,40,50,45,Tomato
03-07-2015,Kg,35,40,37.5,Tomato
04-07-2015,Kg,30,42,36,Tomato
05-07-2015,Kg,40,50,45,Tomato
06-07-2015,Kg,40,50,45,Tomato
07-07-2015,Kg,50,60,55,Tomato
08-07-2015,Kg,50,60,55,Tomato
09-07-2015,Kg,50,60,55,Tomato
10-07-2015,Kg,50,60,55,Tomato
11-07-2015,Kg,50,60,55,Tomato
12-07-2015,Kg,60,70,65,Tomato
13-07-2015,Kg,60,70,65,Tomato
14-07-2015,Kg,60,70,65,Tomato
15-07-2015,Kg,50,60,55,Tomato
16-07-2015,Kg,50,60,55,Tomato
17-07-2015,Kg,50,60,55,Tomato
18-07-2015,Kg,50,60,55,Tomato
19-07-2015,Kg,50,60,55,Tomato
20-07-2015,Kg,50,60,55,Tomato
21-07-2015,Kg,60,70,65,Tomato
22-07-2015,Kg,50,60,55,Tomato
23-07-2015,Kg,50,60,55,Tomato
24-07-2015,Kg,50,60,55,Tomato
25-07-2015,Kg,40,50,45,Tomato
26-07-2015,Kg,40,50,45,Tomato
27-07-2015,Kg,40,50,45,Tomato
28-07-2015,Kg,40,50,45,Tomato
29-07-2015,Kg,45,55,50,Tomato
30-07-2015,Kg,45,55,50,Tomato
31-07-2015,Kg,45,55,50,Tomato
01-08-2015,Kg,45,54,49.5,Tomato
02-08-2015,Kg,50,60,55,Tomato
03-08-2015,Kg,50,60,55,Tomato
04-08-2015,Kg,50,60,55,Tomato
05-08-2015,Kg,50,60,55,Tomato
06-08-2015,Kg,60,70,65,Tomato
07-08-2015,Kg,60,68,64,Tomato
08-08-2015,Kg,68,80,74,Tomato
09-08-2015,Kg,70,80,75,Tomato
10-08-2015,Kg,70,75,72.5,Tomato
11-08-2015,Kg,60,70,65,Tomato
12-08-2015,Kg,60,70,65,Tomato
13-08-2015,Kg,50,60,55,Tomato
14-08-2015,Kg,45,55,50,Tomato
15-08-2015,Kg,44,50,47,Tomato
16-08-2015,Kg,40,50,45,Tomato
17-08-2015,Kg,40,50,45,Tomato
18-08-2015,Kg,40,50,45,Tomato
19-08-2015,Kg,35,45,40,Tomato
20-08-2015,Kg,35,40,37.5,Tomato
21-08-2015,Kg,35,40,37.5,Tomato
22-08-2015,Kg,30,40,35,Tomato
23-08-2015,Kg,35,40,37.5,Tomato
24-08-2015,Kg,35,40,37.5,Tomato
25-08-2015,Kg,40,50,45,Tomato
26-08-2015,Kg,40,50,45,Tomato
27-08-2015,Kg,50,60,55,Tomato
28-08-2015,Kg,55,60,57.5,Tomato
29-08-2015,Kg,50,55,52.5,Tomato
30-08-2015,Kg,45,50,47.5,Tomato
31-08-2015,Kg,40,45,42.5,Tomato
01-09-2015,Kg,35,40,37.5,Tomato
02-09-2015,Kg,30,40,35,Tomato
03-09-2015,Kg,30,40,35,Tomato
04-09-2015,Kg,30,35,32.5,Tomato
05-09-2015,Kg,28,30,29,Tomato
06-09-2015,Kg,30,35,32.5,Tomato
07-09-2015,Kg,28,35,31.5,Tomato
08-09-2015,Kg,28,35,31.5,Tomato
09-09-2015,Kg,25,30,27.5,Tomato
10-09-2015,Kg,25,30,27.5,Tomato
11-09-2015,Kg,25,30,27.5,Tomato
12-09-2015,Kg,24,28,26,Tomato
13-09-2015,Kg,30,40,35,Tomato
14-09-2015,Kg,35,45,40,Tomato
15-09-2015,Kg,28,35,31.5,Tomato
16-09-2015,Kg,25,35,30,Tomato
17-09-2015,Kg,25,30,27.5,Tomato
18-09-2015,Kg,25,35,30,Tomato
19-09-2015,Kg,20,26,23,Tomato
20-09-2015,Kg,25,30,27.5,Tomato
21-09-2015,Kg,15,25,20,Tomato
22-09-2015,Kg,20,25,22.5,Tomato
23-09-2015,Kg,25,35,30,Tomato
24-09-2015,Kg,20,30,25,Tomato
25-09-2015,Kg,20,30,25,Tomato
26-09-2015,Kg,18,26,22,Tomato
27-09-2015,Kg,25,30,27.5,Tomato
28-09-2015,Kg,20,30,25,Tomato
29-09-2015,Kg,20,25,22.5,Tomato
30-09-2015,Kg,20,30,25,Tomato
01-10-2015,Kg,20,30,25,Tomato
02-10-2015,Kg,20,25,22.5,Tomato
03-10-2015,Kg,16,24,20,Tomato
04-10-2015,Kg,20,25,22.5,Tomato
05-10-2015,Kg,15,20,17.5,Tomato
06-10-2015,Kg,15,20,17.5,Tomato
07-10-2015,Kg,20,25,22.5,Tomato
08-10-2015,Kg,20,25,22.5,Tomato
09-10-2015,Kg,20,25,22.5,Tomato
10-10-2015,Kg,18,25,21.5,Tomato
11-10-2015,Kg,20,25,22.5,Tomato
12-10-2015,Kg,20,30,25,Tomato
13-10-2015,Kg,20,25,22.5,Tomato
14-10-2015,Kg,15,25,20,Tomato
15-10-2015,Kg,15,25,20,Tomato
16-10-2015,Kg,15,25,20,Tomato
17-10-2015,Kg,12,16,14,Tomato
18-10-2015,Kg,15,20,17.5,Tomato
19-10-2015,Kg,15,25,20,Tomato
20-10-2015,Kg,15,20,17.5,Tomato
21-10-2015,Kg,20,30,25,Tomato
22-10-2015,Kg,40,50,45,Tomato
23-10-2015,Kg,50,60,55,Tomato
24-10-2015,Kg,30,35,32.5,Tomato
25-10-2015,Kg,20,30,25,Tomato
26-10-2015,Kg,20,25,22.5,Tomato
27-10-2015,Kg,15,20,17.5,Tomato
28-10-2015,Kg,10,20,15,Tomato
29-10-2015,Kg,10,20,15,Tomato
30-10-2015,Kg,40,50,45,Tomato
31-10-2015,Kg,24,35,29.5,Tomato
01-11-2015,Kg,20,30,25,Tomato
02-11-2015,Kg,20,30,25,Tomato
03-11-2015,Kg,25,30,27.5,Tomato
04-11-2015,Kg,40,45,42.5,Tomato
05-11-2015,Kg,40,50,45,Tomato
06-11-2015,Kg,40,50,45,Tomato
07-11-2015,Kg,44,55,49.5,Tomato
08-11-2015,Kg,60,70,65,Tomato
09-11-2015,Kg,50,60,55,Tomato
10-11-2015,Kg,50,60,55,Tomato
11-11-2015,Kg,60,70,65,Tomato
12-11-2015,Kg,50,60,55,Tomato
13-11-2015,Kg,55,60,57.5,Tomato
14-11-2015,Kg,56,68,62,Tomato
15-11-2015,Kg,90,100,95,Tomato
16-11-2015,Kg,55,65,60,Tomato
17-11-2015,Kg,45,55,50,Tomato
18-11-2015,Kg,30,40,35,Tomato
19-11-2015,Kg,35,45,40,Tomato
20-11-2015,Kg,50,60,55,Tomato
21-11-2015,Kg,50,56,53,Tomato
22-11-2015,Kg,60,70,65,Tomato
23-11-2015,Kg,70,75,72.5,Tomato
24-11-2015,Kg,50,60,55,Tomato
25-11-2015,Kg,60,70,65,Tomato
26-11-2015,Kg,60,70,65,Tomato
27-11-2015,Kg,60,70,65,Tomato
28-11-2015,Kg,55,65,60,Tomato
29-11-2015,Kg,50,65,57.5,Tomato
30-11-2015,Kg,50,60,55,Tomato
01-12-2015,Kg,50,60,55,Tomato
02-12-2015,Kg,50,60,55,Tomato
03-12-2015,Kg,50,60,55,Tomato
04-12-2015,Kg,45,50,47.5,Tomato
05-12-2015,Kg,42,52,47,Tomato
06-12-2015,Kg,40,50,45,Tomato
07-12-2015,Kg,45,55,50,Tomato
08-12-2015,Kg,40,50,45,Tomato
09-12-2015,Kg,50,55,52.5,Tomato
10-12-2015,Kg,45,50,47.5,Tomato
11-12-2015,Kg,45,50,47.5,Tomato
12-12-2015,Kg,45,58,51.5,Tomato
13-12-2015,Kg,45,50,47.5,Tomato
14-12-2015,Kg,45,50,47.5,Tomato
15-12-2015,Kg,45,55,50,Tomato
16-12-2015,Kg,45,50,47.5,Tomato
17-12-2015,Kg,40,50,45,Tomato
18-12-2015,Kg,40,50,45,Tomato
19-12-2015,Kg,35,45,40,Tomato
20-12-2015,Kg,40,50,45,Tomato
21-12-2015,Kg,40,50,45,Tomato
22-12-2015,Kg,40,50,45,Tomato
23-12-2015,Kg,40,50,45,Tomato
24-12-2015,Kg,40,50,45,Tomato
25-12-2015,Kg,45,52,48.5,Tomato
26-12-2015,Kg,50,60,55,Tomato
27-12-2015,Kg,40,50,45,Tomato
28-12-2015,Kg,40,50,45,Tomato
29-12-2015,Kg,40,50,45,Tomato
30-12-2015,Kg,40,45,42.5,Tomato
31-12-2015,Kg,40,50,45,Tomato
01-01-2016,Kg,40,50,45,Tomato
02-01-2016,Kg,35,44,39.5,Tomato
03-01-2016,Kg,30,40,35,Tomato
04-01-2016,Kg,30,40,35,Tomato
05-01-2016,Kg,25,30,27.5,Tomato
06-01-2016,Kg,20,30,25,Tomato
07-01-2016,Kg,15,20,17.5,Tomato
08-01-2016,Kg,15,20,17.5,Tomato
09-01-2016,Kg,15,20,17.5,Tomato
10-01-2016,Kg,15,20,17.5,Tomato
11-01-2016,Kg,15,20,17.5,Tomato
12-01-2016,Kg,15,20,17.5,Tomato
13-01-2016,Kg,15,20,17.5,Tomato
14-01-2016,Kg,15,20,17.5,Tomato
15-01-2016,Kg,15,20,17.5,Tomato
16-01-2016,Kg,15,24,19.5,Tomato
17-01-2016,Kg,15,20,17.5,Tomato
18-01-2016,Kg,15,20,17.5,Tomato
19-01-2016,Kg,15,20,17.5,Tomato
20-01-2016,Kg,15,20,17.5,Tomato
21-01-2016,Kg,15,20,17.5,Tomato
22-01-2016,Kg,15,20,17.5,Tomato
23-01-2016,Kg,25,30,27.5,Tomato
24-01-2016,Kg,20,30,25,Tomato
25-01-2016,Kg,20,30,25,Tomato
26-01-2016,Kg,18,25,21.5,Tomato
27-01-2016,Kg,15,20,17.5,Tomato
28-01-2016,Kg,15,20,17.5,Tomato
29-01-2016,Kg,20,25,22.5,Tomato
30-01-2016,Kg,20,25,22.5,Tomato
31-01-2016,Kg,15,20,17.5,Tomato
01-02-2016,Kg,20,30,25,Tomato
02-02-2016,Kg,20,30,25,Tomato
03-02-2016,Kg,20,30,25,Tomato
04-02-2016,Kg,30,35,32.5,Tomato
05-02-2016,Kg,25,30,27.5,Tomato
06-02-2016,Kg,25,30,27.5,Tomato
07-02-2016,Kg,20,30,25,Tomato
08-02-2016,Kg,25,30,27.5,Tomato
09-02-2016,Kg,20,25,22.5,Tomato
10-02-2016,Kg,20,30,25,Tomato
11-02-2016,Kg,25,30,27.5,Tomato
12-02-2016,Kg,25,30,27.5,Tomato
13-02-2016,Kg,20,25,22.5,Tomato
14-02-2016,Kg,25,30,27.5,Tomato
15-02-2016,Kg,25,30,27.5,Tomato
16-02-2016,Kg,25,30,27.5,Tomato
17-02-2016,Kg,25,30,27.5,Tomato
18-02-2016,Kg,25,30,27.5,Tomato
19-02-2016,Kg,25,30,27.5,Tomato
20-02-2016,Kg,30,35,32.5,Tomato
21-02-2016,Kg,20,30,25,Tomato
22-02-2016,Kg,20,25,22.5,Tomato
23-02-2016,Kg,20,30,25,Tomato
24-02-2016,Kg,25,30,27.5,Tomato
25-02-2016,Kg,20,30,25,Tomato
26-02-2016,Kg,20,25,22.5,Tomato
27-02-2016,Kg,20,24,22,Tomato
28-02-2016,Kg,20,25,22.5,Tomato
29-02-2016,Kg,20,30,25,Tomato
01-03-2016,Kg,20,25,22.5,Tomato
02-03-2016,Kg,25,30,27.5,Tomato
04-03-2016,Kg,25,30,27.5,Tomato
05-03-2016,Kg,30,35,32.5,Tomato
06-03-2016,Kg,30,40,35,Tomato
07-03-2016,Kg,25,32,28.5,Tomato
08-03-2016,Kg,25,28,26.5,Tomato
09-03-2016,Kg,20,25,22.5,Tomato
10-03-2016,Kg,25,30,27.5,Tomato
11-03-2016,Kg,25,30,27.5,Tomato
12-03-2016,Kg,28,35,31.5,Tomato
13-03-2016,Kg,25,30,27.5,Tomato
15-03-2016,Kg,35,40,37.5,Tomato
16-03-2016,Kg,35,40,37.5,Tomato
17-03-2016,Kg,30,40,35,Tomato
18-03-2016,Kg,35,40,37.5,Tomato
19-03-2016,Kg,38,40,39,Tomato
20-03-2016,Kg,40,45,42.5,Tomato
21-03-2016,Kg,40,50,45,Tomato
22-03-2016,Kg,40,50,45,Tomato
23-03-2016,Kg,40,45,42.5,Tomato
24-03-2016,Kg,40,50,45,Tomato
25-03-2016,Kg,40,50,45,Tomato
26-03-2016,Kg,37,42,39.5,Tomato
27-03-2016,Kg,40,45,42.5,Tomato
28-03-2016,Kg,40,45,42.5,Tomato
29-03-2016,Kg,30,40,35,Tomato
30-03-2016,Kg,30,35,32.5,Tomato
31-03-2016,Kg,30,35,32.5,Tomato
01-04-2016,Kg,25,30,27.5,Tomato
02-04-2016,Kg,35,40,37.5,Tomato
03-04-2016,Kg,30,35,32.5,Tomato
04-04-2016,Kg,25,30,27.5,Tomato
05-04-2016,Kg,25,30,27.5,Tomato
06-04-2016,Kg,25,30,27.5,Tomato
07-04-2016,Kg,25,30,27.5,Tomato
08-04-2016,Kg,35,40,37.5,Tomato
09-04-2016,Kg,28,35,31.5,Tomato
10-04-2016,Kg,25,30,27.5,Tomato
11-04-2016,Kg,25,30,27.5,Tomato
12-04-2016,Kg,22,30,26,Tomato
13-04-2016,Kg,25,30,27.5,Tomato
14-04-2016,Kg,25,30,27.5,Tomato
15-04-2016,Kg,25,30,27.5,Tomato
16-04-2016,Kg,20,25,22.5,Tomato
17-04-2016,Kg,20,25,22.5,Tomato
18-04-2016,Kg,15,20,17.5,Tomato
19-04-2016,Kg,15,20,17.5,Tomato
20-04-2016,Kg,15,20,17.5,Tomato
21-04-2016,Kg,15,20,17.5,Tomato
22-04-2016,Kg,20,25,22.5,Tomato
23-04-2016,Kg,25,30,27.5,Tomato
24-04-2016,Kg,30,35,32.5,Tomato
25-04-2016,Kg,30,40,35,Tomato
26-04-2016,Kg,30,40,35,Tomato
27-04-2016,Kg,35,45,40,Tomato
28-04-2016,Kg,38,45,41.5,Tomato
29-04-2016,Kg,45,50,47.5,Tomato
30-04-2016,Kg,40,45,42.5,Tomato
01-05-2016,Kg,30,42,36,Tomato
02-05-2016,Kg,40,50,45,Tomato
03-05-2016,Kg,40,50,45,Tomato
04-05-2016,Kg,50,60,55,Tomato
05-05-2016,Kg,60,70,65,Tomato
06-05-2016,Kg,60,65,62.5,Tomato
07-05-2016,Kg,60,65,62.5,Tomato
08-05-2016,Kg,50,60,55,Tomato
09-05-2016,Kg,50,60,55,Tomato
10-05-2016,Kg,50,60,55,Tomato
11-05-2016,Kg,50,60,55,Tomato
12-05-2016,Kg,50,60,55,Tomato
13-05-2016,Kg,50,60,55,Tomato
14-05-2016,Kg,55,60,57.5,Tomato
15-05-2016,Kg,60,65,62.5,Tomato
16-05-2016,Kg,50,55,52.5,Tomato
17-05-2016,Kg,50,60,55,Tomato
18-05-2016,Kg,45,55,50,Tomato
19-05-2016,Kg,55,65,60,Tomato
20-05-2016,Kg,70,80,75,Tomato
21-05-2016,Kg,60,70,65,Tomato
22-05-2016,Kg,70,80,75,Tomato
23-05-2016,Kg,70,80,75,Tomato
24-05-2016,Kg,60,70,65,Tomato
25-05-2016,Kg,50,60,55,Tomato
26-05-2016,Kg,50,60,55,Tomato
27-05-2016,Kg,50,60,55,Tomato
28-05-2016,Kg,60,70,65,Tomato
29-05-2016,Kg,50,60,55,Tomato
30-05-2016,Kg,60,70,65,Tomato
31-05-2016,Kg,60,70,65,Tomato
01-06-2016,Kg,50,60,55,Tomato
02-06-2016,Kg,60,70,65,Tomato
03-06-2016,Kg,60,70,65,Tomato
04-06-2016,Kg,50,60,55,Tomato
05-06-2016,Kg,60,70,65,Tomato
06-06-2016,Kg,70,80,75,Tomato
07-06-2016,Kg,50,60,55,Tomato
08-06-2016,Kg,50,60,55,Tomato
09-06-2016,Kg,40,50,45,Tomato
10-06-2016,Kg,50,60,55,Tomato
11-06-2016,Kg,40,55,47.5,Tomato
12-06-2016,Kg,50,60,55,Tomato
13-06-2016,Kg,50,60,55,Tomato
14-06-2016,Kg,35,45,40,Tomato
15-06-2016,Kg,35,40,37.5,Tomato
16-06-2016,Kg,30,38,34,Tomato
17-06-2016,Kg,40,50,45,Tomato
18-06-2016,Kg,25,40,32.5,Tomato
19-06-2016,Kg,40,50,45,Tomato
20-06-2016,Kg,40,50,45,Tomato
21-06-2016,Kg,45,50,47.5,Tomato
22-06-2016,Kg,50,60,55,Tomato
23-06-2016,Kg,50,60,55,Tomato
24-06-2016,Kg,40,50,45,Tomato
25-06-2016,Kg,30,40,35,Tomato
26-06-2016,Kg,50,60,55,Tomato
27-06-2016,Kg,50,55,52.5,Tomato
28-06-2016,Kg,60,70,65,Tomato
29-06-2016,Kg,60,70,65,Tomato
30-06-2016,Kg,60,70,65,Tomato
01-07-2016,Kg,60,70,65,Tomato
02-07-2016,Kg,65,70,67.5,Tomato
03-07-2016,Kg,60,70,65,Tomato
04-07-2016,Kg,60,70,65,Tomato
05-07-2016,Kg,60,70,65,Tomato
06-07-2016,Kg,60,70,65,Tomato
07-07-2016,Kg,60,70,65,Tomato
08-07-2016,Kg,60,70,65,Tomato
09-07-2016,Kg,60,70,65,Tomato
10-07-2016,Kg,60,70,65,Tomato
11-07-2016,Kg,70,80,75,Tomato
12-07-2016,Kg,60,70,65,Tomato
13-07-2016,Kg,60,70,65,Tomato
14-07-2016,Kg,65,70,67.5,Tomato
15-07-2016,Kg,55,60,57.5,Tomato
16-07-2016,Kg,55,60,57.5,Tomato
17-07-2016,Kg,60,65,62.5,Tomato
18-07-2016,Kg,55,60,57.5,Tomato
19-07-2016,Kg,50,60,55,Tomato
20-07-2016,Kg,50,60,55,Tomato
21-07-2016,Kg,50,55,52.5,Tomato
22-07-2016,Kg,55,65,60,Tomato
23-07-2016,Kg,58,65,61.5,Tomato
24-07-2016,Kg,60,70,65,Tomato
25-07-2016,Kg,60,70,65,Tomato
26-07-2016,Kg,80,90,85,Tomato
27-07-2016,Kg,75,85,80,Tomato
28-07-2016,Kg,70,80,75,Tomato
29-07-2016,Kg,85,90,87.5,Tomato
30-07-2016,Kg,80,85,82.5,Tomato
31-07-2016,Kg,80,90,85,Tomato
01-08-2016,Kg,75,80,77.5,Tomato
02-08-2016,Kg,70,80,75,Tomato
03-08-2016,Kg,70,75,72.5,Tomato
04-08-2016,Kg,65,70,67.5,Tomato
05-08-2016,Kg,65,70,67.5,Tomato
06-08-2016,Kg,80,90,85,Tomato
07-08-2016,Kg,70,75,72.5,Tomato
08-08-2016,Kg,65,70,67.5,Tomato
09-08-2016,Kg,60,70,65,Tomato
10-08-2016,Kg,50,60,55,Tomato
11-08-2016,Kg,50,60,55,Tomato
12-08-2016,Kg,50,60,55,Tomato
13-08-2016,Kg,50,60,55,Tomato
14-08-2016,Kg,50,55,52.5,Tomato
15-08-2016,Kg,45,55,50,Tomato
16-08-2016,Kg,45,55,50,Tomato
17-08-2016,Kg,45,55,50,Tomato
18-08-2016,Kg,50,60,55,Tomato
19-08-2016,Kg,75,80,77.5,Tomato
20-08-2016,Kg,55,60,57.5,Tomato
21-08-2016,Kg,50,60,55,Tomato
22-08-2016,Kg,40,50,45,Tomato
23-08-2016,Kg,40,50,45,Tomato
24-08-2016,Kg,45,50,47.5,Tomato
25-08-2016,Kg,50,55,52.5,Tomato
26-08-2016,Kg,40,50,45,Tomato
27-08-2016,Kg,40,48,44,Tomato
28-08-2016,Kg,50,60,55,Tomato
29-08-2016,Kg,45,55,50,Tomato
30-08-2016,Kg,45,55,50,Tomato
31-08-2016,Kg,45,55,50,Tomato
01-09-2016,Kg,45,55,50,Tomato
02-09-2016,Kg,45,55,50,Tomato
03-09-2016,Kg,45,52,48.5,Tomato
04-09-2016,Kg,45,55,50,Tomato
05-09-2016,Kg,45,55,50,Tomato
06-09-2016,Kg,40,50,45,Tomato
07-09-2016,Kg,40,50,45,Tomato
08-09-2016,Kg,35,45,40,Tomato
09-09-2016,Kg,35,45,40,Tomato
10-09-2016,Kg,38,45,41.5,Tomato
11-09-2016,Kg,35,45,40,Tomato
12-09-2016,Kg,35,45,40,Tomato
13-09-2016,Kg,45,55,50,Tomato
14-09-2016,Kg,40,50,45,Tomato
15-09-2016,Kg,40,45,42.5,Tomato
16-09-2016,Kg,45,55,50,Tomato
17-09-2016,Kg,45,50,47.5,Tomato
18-09-2016,Kg,50,60,55,Tomato
19-09-2016,Kg,40,50,45,Tomato
20-09-2016,Kg,45,55,50,Tomato
21-09-2016,Kg,48,55,51.5,Tomato
22-09-2016,Kg,40,50,45,Tomato
23-09-2016,Kg,40,45,42.5,Tomato
24-09-2016,Kg,45,50,47.5,Tomato
25-09-2016,Kg,45,55,50,Tomato
26-09-2016,Kg,50,60,55,Tomato
27-09-2016,Kg,45,55,50,Tomato
28-09-2016,Kg,45,55,50,Tomato
29-09-2016,Kg,45,55,50,Tomato
30-09-2016,Kg,50,60,55,Tomato
01-10-2016,Kg,50,60,55,Tomato
02-10-2016,Kg,60,70,65,Tomato
03-10-2016,Kg,65,70,67.5,Tomato
04-10-2016,Kg,70,80,75,Tomato
05-10-2016,Kg,60,70,65,Tomato
06-10-2016,Kg,65,75,70,Tomato
07-10-2016,Kg,60,70,65,Tomato
08-10-2016,Kg,60,70,65,Tomato
09-10-2016,Kg,70,75,72.5,Tomato
10-10-2016,Kg,65,75,70,Tomato
11-10-2016,Kg,80,90,85,Tomato
12-10-2016,Kg,60,70,65,Tomato
13-10-2016,Kg,55,65,60,Tomato
14-10-2016,Kg,50,60,55,Tomato
15-10-2016,Kg,50,54,52,Tomato
16-10-2016,Kg,55,65,60,Tomato
17-10-2016,Kg,65,70,67.5,Tomato
18-10-2016,Kg,70,80,75,Tomato
19-10-2016,Kg,70,80,75,Tomato
20-10-2016,Kg,75,80,77.5,Tomato
21-10-2016,Kg,70,80,75,Tomato
22-10-2016,Kg,50,55,52.5,Tomato
23-10-2016,Kg,50,60,55,Tomato
24-10-2016,Kg,60,70,65,Tomato
25-10-2016,Kg,50,60,55,Tomato
26-10-2016,Kg,40,50,45,Tomato
27-10-2016,Kg,40,50,45,Tomato
28-10-2016,Kg,40,50,45,Tomato
29-10-2016,Kg,38,45,41.5,Tomato
30-10-2016,Kg,35,45,40,Tomato
31-10-2016,Kg,40,50,45,Tomato
01-11-2016,Kg,40,50,45,Tomato
02-11-2016,Kg,35,45,40,Tomato
03-11-2016,Kg,35,45,40,Tomato
04-11-2016,Kg,35,45,40,Tomato
05-11-2016,Kg,30,40,35,Tomato
06-11-2016,Kg,30,38,34,Tomato
07-11-2016,Kg,30,40,35,Tomato
08-11-2016,Kg,30,40,35,Tomato
09-11-2016,Kg,30,40,35,Tomato
10-11-2016,Kg,30,40,35,Tomato
11-11-2016,Kg,35,40,37.5,Tomato
12-11-2016,Kg,40,48,44,Tomato
13-11-2016,Kg,30,40,35,Tomato
14-11-2016,Kg,30,40,35,Tomato
15-11-2016,Kg,30,40,35,Tomato
16-11-2016,Kg,30,40,35,Tomato
17-11-2016,Kg,25,35,30,Tomato
18-11-2016,Kg,25,35,30,Tomato
19-11-2016,Kg,25,30,27.5,Tomato
20-11-2016,Kg,25,35,30,Tomato
21-11-2016,Kg,25,35,30,Tomato
22-11-2016,Kg,25,35,30,Tomato
23-11-2016,Kg,30,40,35,Tomato
24-11-2016,Kg,25,35,30,Tomato
25-11-2016,Kg,30,40,35,Tomato
26-11-2016,Kg,35,40,37.5,Tomato
27-11-2016,Kg,30,40,35,Tomato
28-11-2016,Kg,30,40,35,Tomato
29-11-2016,Kg,30,40,35,Tomato
30-11-2016,Kg,30,40,35,Tomato
01-12-2016,Kg,25,35,30,Tomato
02-12-2016,Kg,25,35,30,Tomato
03-12-2016,Kg,28,35,31.5,Tomato
04-12-2016,Kg,25,35,30,Tomato
05-12-2016,Kg,25,35,30,Tomato
06-12-2016,Kg,25,35,30,Tomato
07-12-2016,Kg,30,40,35,Tomato
08-12-2016,Kg,30,40,35,Tomato
09-12-2016,Kg,30,40,35,Tomato
10-12-2016,Kg,35,40,37.5,Tomato
11-12-2016,Kg,30,40,35,Tomato
12-12-2016,Kg,30,40,35,Tomato
13-12-2016,Kg,30,40,35,Tomato
14-12-2016,Kg,30,35,32.5,Tomato
15-12-2016,Kg,30,35,32.5,Tomato
16-12-2016,Kg,28,35,31.5,Tomato
17-12-2016,Kg,30,35,32.5,Tomato
18-12-2016,Kg,30,40,35,Tomato
19-12-2016,Kg,30,40,35,Tomato
20-12-2016,Kg,30,40,35,Tomato
21-12-2016,Kg,30,40,35,Tomato
22-12-2016,Kg,30,40,35,Tomato
23-12-2016,Kg,30,35,32.5,Tomato
24-12-2016,Kg,28,30,29,Tomato
25-12-2016,Kg,25,35,30,Tomato
26-12-2016,Kg,25,35,30,Tomato
27-12-2016,Kg,20,25,22.5,Tomato
28-12-2016,Kg,20,30,25,Tomato
29-12-2016,Kg,20,30,25,Tomato
30-12-2016,Kg,20,25,22.5,Tomato
31-12-2016,Kg,20,25,22.5,Tomato
01-01-2017,Kg,20,30,25,Tomato
02-01-2017,Kg,20,30,25,Tomato
03-01-2017,Kg,20,30,25,Tomato
04-01-2017,Kg,20,30,25,Tomato
05-01-2017,Kg,20,30,25,Tomato
06-01-2017,Kg,20,30,25,Tomato
07-01-2017,Kg,25,30,27.5,Tomato
08-01-2017,Kg,20,30,25,Tomato
09-01-2017,Kg,20,30,25,Tomato
10-01-2017,Kg,20,25,22.5,Tomato
11-01-2017,Kg,25,30,27.5,Tomato
12-01-2017,Kg,20,30,25,Tomato
13-01-2017,Kg,20,30,25,Tomato
14-01-2017,Kg,20,25,22.5,Tomato
15-01-2017,Kg,20,30,25,Tomato
16-01-2017,Kg,20,30,25,Tomato
17-01-2017,Kg,20,30,25,Tomato
18-01-2017,Kg,40,50,45,Tomato
19-01-2017,Kg,20,30,25,Tomato
20-01-2017,Kg,20,25,22.5,Tomato
21-01-2017,Kg,25,30,27.5,Tomato
22-01-2017,Kg,20,30,25,Tomato
23-01-2017,Kg,20,30,25,Tomato
24-01-2017,Kg,20,30,25,Tomato
25-01-2017,Kg,20,30,25,Tomato
26-01-2017,Kg,15,25,20,Tomato
27-01-2017,Kg,15,20,17.5,Tomato
28-01-2017,Kg,20,25,22.5,Tomato
29-01-2017,Kg,20,25,22.5,Tomato
30-01-2017,Kg,18,24,21,Tomato
31-01-2017,Kg,15,25,20,Tomato
01-02-2017,Kg,15,25,20,Tomato
02-02-2017,Kg,15,25,20,Tomato
03-02-2017,Kg,15,25,20,Tomato
04-02-2017,Kg,15,24,19.5,Tomato
05-02-2017,Kg,10,20,15,Tomato
06-02-2017,Kg,10,20,15,Tomato
07-02-2017,Kg,10,20,15,Tomato
08-02-2017,Kg,15,25,20,Tomato
09-02-2017,Kg,15,20,17.5,Tomato
10-02-2017,Kg,15,20,17.5,Tomato
11-02-2017,Kg,15,20,17.5,Tomato
12-02-2017,Kg,15,20,17.5,Tomato
13-02-2017,Kg,15,20,17.5,Tomato
14-02-2017,Kg,15,20,17.5,Tomato
15-02-2017,Kg,15,20,17.5,Tomato
16-02-2017,Kg,15,20,17.5,Tomato
17-02-2017,Kg,15,20,17.5,Tomato
18-02-2017,Kg,15,20,17.5,Tomato
19-02-2017,Kg,15,20,17.5,Tomato
20-02-2017,Kg,15,20,17.5,Tomato
21-02-2017,Kg,15,20,17.5,Tomato
22-02-2017,Kg,15,20,17.5,Tomato
23-02-2017,Kg,15,20,17.5,Tomato
25-02-2017,Kg,15,20,17.5,Tomato
26-02-2017,Kg,15,20,17.5,Tomato
27-02-2017,Kg,15,20,17.5,Tomato
28-02-2017,Kg,20,25,22.5,Tomato
01-03-2017,Kg,20,25,22.5,Tomato
02-03-2017,Kg,20,25,22.5,Tomato
04-03-2017,Kg,20,25,22.5,Tomato
05-03-2017,Kg,25,30,27.5,Tomato
06-03-2017,Kg,24,30,27,Tomato
07-03-2017,Kg,25,30,27.5,Tomato
08-03-2017,Kg,25,30,27.5,Tomato
09-03-2017,Kg,25,30,27.5,Tomato
10-03-2017,Kg,25,30,27.5,Tomato
11-03-2017,Kg,25,30,27.5,Tomato
13-03-2017,Kg,30,35,32.5,Tomato
14-03-2017,Kg,30,35,32.5,Tomato
15-03-2017,Kg,30,35,32.5,Tomato
16-03-2017,Kg,25,30,27.5,Tomato
17-03-2017,Kg,25,30,27.5,Tomato
18-03-2017,Kg,28,32,30,Tomato
19-03-2017,Kg,25,30,27.5,Tomato
20-03-2017,Kg,25,30,27.5,Tomato
21-03-2017,Kg,25,30,27.5,Tomato
22-03-2017,Kg,25,30,27.5,Tomato
23-03-2017,Kg,25,30,27.5,Tomato
24-03-2017,Kg,25,30,27.5,Tomato
25-03-2017,Kg,25,30,27.5,Tomato
26-03-2017,Kg,25,30,27.5,Tomato
27-03-2017,Kg,30,35,32.5,Tomato
28-03-2017,Kg,35,40,37.5,Tomato
29-03-2017,Kg,35,40,37.5,Tomato
30-03-2017,Kg,30,35,32.5,Tomato
31-03-2017,Kg,30,35,32.5,Tomato
01-04-2017,Kg,30,35,32.5,Tomato
02-04-2017,Kg,25,30,27.5,Tomato
03-04-2017,Kg,30,35,32.5,Tomato
04-04-2017,Kg,30,35,32.5,Tomato
05-04-2017,Kg,30,35,32.5,Tomato
06-04-2017,Kg,30,35,32.5,Tomato
07-04-2017,Kg,30,35,32.5,Tomato
08-04-2017,Kg,30,35,32.5,Tomato
09-04-2017,Kg,30,35,32.5,Tomato
10-04-2017,Kg,25,30,27.5,Tomato
11-04-2017,Kg,20,28,24,Tomato
12-04-2017,Kg,20,28,24,Tomato
13-04-2017,Kg,24,30,27,Tomato
14-04-2017,Kg,30,40,35,Tomato
15-04-2017,Kg,30,35,32.5,Tomato
16-04-2017,Kg,30,35,32.5,Tomato
17-04-2017,Kg,30,35,32.5,Tomato
18-04-2017,Kg,30,35,32.5,Tomato
19-04-2017,Kg,30,35,32.5,Tomato
20-04-2017,Kg,30,35,32.5,Tomato
21-04-2017,Kg,25,30,27.5,Tomato
22-04-2017,Kg,30,35,32.5,Tomato
23-04-2017,Kg,30,35,32.5,Tomato
24-04-2017,Kg,30,35,32.5,Tomato
25-04-2017,Kg,25,30,27.5,Tomato
26-04-2017,Kg,25,30,27.5,Tomato
27-04-2017,Kg,25,30,27.5,Tomato
28-04-2017,Kg,25,30,27.5,Tomato
29-04-2017,Kg,25,30,27.5,Tomato
30-04-2017,Kg,25,30,27.5,Tomato
01-05-2017,Kg,25,30,27.5,Tomato
02-05-2017,Kg,25,30,27.5,Tomato
03-05-2017,Kg,30,35,32.5,Tomato
04-05-2017,Kg,25,30,27.5,Tomato
05-05-2017,Kg,25,30,27.5,Tomato
06-05-2017,Kg,25,30,27.5,Tomato
07-05-2017,Kg,25,30,27.5,Tomato
08-05-2017,Kg,25,30,27.5,Tomato
09-05-2017,Kg,25,30,27.5,Tomato
10-05-2017,Kg,30,35,32.5,Tomato
11-05-2017,Kg,35,40,37.5,Tomato
12-05-2017,Kg,40,50,45,Tomato
13-05-2017,Kg,35,45,40,Tomato
15-05-2017,Kg,35,45,40,Tomato
16-05-2017,Kg,40,50,45,Tomato
17-05-2017,Kg,40,50,45,Tomato
18-05-2017,Kg,40,45,42.5,Tomato
19-05-2017,Kg,45,50,47.5,Tomato
20-05-2017,Kg,45,50,47.5,Tomato
21-05-2017,Kg,30,35,32.5,Tomato
22-05-2017,Kg,30,35,32.5,Tomato
23-05-2017,Kg,30,35,32.5,Tomato
24-05-2017,Kg,30,35,32.5,Tomato
25-05-2017,Kg,30,35,32.5,Tomato
26-05-2017,Kg,30,35,32.5,Tomato
27-05-2017,Kg,30,35,32.5,Tomato
28-05-2017,Kg,30,35,32.5,Tomato
29-05-2017,Kg,45,50,47.5,Tomato
30-05-2017,Kg,30,35,32.5,Tomato
31-05-2017,Kg,40,45,42.5,Tomato
01-06-2017,Kg,40,45,42.5,Tomato
02-06-2017,Kg,30,35,32.5,Tomato
03-06-2017,Kg,30,38,34,Tomato
04-06-2017,Kg,45,50,47.5,Tomato
05-06-2017,Kg,50,55,52.5,Tomato
06-06-2017,Kg,55,60,57.5,Tomato
07-06-2017,Kg,60,65,62.5,Tomato
08-06-2017,Kg,50,55,52.5,Tomato
09-06-2017,Kg,50,55,52.5,Tomato
10-06-2017,Kg,45,50,47.5,Tomato
11-06-2017,Kg,45,50,47.5,Tomato
12-06-2017,Kg,45,50,47.5,Tomato
13-06-2017,Kg,45,50,47.5,Tomato
14-06-2017,Kg,40,45,42.5,Tomato
15-06-2017,Kg,40,45,42.5,Tomato
16-06-2017,Kg,40,45,42.5,Tomato
17-06-2017,Kg,40,45,42.5,Tomato
18-06-2017,Kg,35,40,37.5,Tomato
19-06-2017,Kg,35,40,37.5,Tomato
20-06-2017,Kg,30,36,33,Tomato
21-06-2017,Kg,30,35,32.5,Tomato
22-06-2017,Kg,30,35,32.5,Tomato
23-06-2017,Kg,30,35,32.5,Tomato
24-06-2017,Kg,30,35,32.5,Tomato
25-06-2017,Kg,30,35,32.5,Tomato
26-06-2017,Kg,30,35,32.5,Tomato
27-06-2017,Kg,30,35,32.5,Tomato
28-06-2017,Kg,25,30,27.5,Tomato
29-06-2017,Kg,25,30,27.5,Tomato
30-06-2017,Kg,25,30,27.5,Tomato
01-07-2017,Kg,25,30,27.5,Tomato
02-07-2017,Kg,25,30,27.5,Tomato
03-07-2017,Kg,24,28,26,Tomato
04-07-2017,Kg,20,25,22.5,Tomato
05-07-2017,Kg,20,25,22.5,Tomato
06-07-2017,Kg,20,25,22.5,Tomato
07-07-2017,Kg,20,25,22.5,Tomato
08-07-2017,Kg,20,25,22.5,Tomato
09-07-2017,Kg,20,25,22.5,Tomato
10-07-2017,Kg,20,25,22.5,Tomato
11-07-2017,Kg,20,25,22.5,Tomato
12-07-2017,Kg,24,30,27,Tomato
13-07-2017,Kg,28,32,30,Tomato
14-07-2017,Kg,30,35,32.5,Tomato
15-07-2017,Kg,27,33,30,Tomato
16-07-2017,Kg,27,35,31,Tomato
17-07-2017,Kg,30,35,32.5,Tomato
18-07-2017,Kg,35,40,37.5,Tomato
19-07-2017,Kg,35,40,37.5,Tomato
20-07-2017,Kg,30,35,32.5,Tomato
21-07-2017,Kg,30,35,32.5,Tomato
22-07-2017,Kg,30,35,32.5,Tomato
23-07-2017,Kg,30,35,32.5,Tomato
24-07-2017,Kg,30,35,32.5,Tomato
25-07-2017,Kg,30,35,32.5,Tomato
26-07-2017,Kg,30,35,32.5,Tomato
27-07-2017,Kg,45,50,47.5,Tomato
28-07-2017,Kg,45,50,47.5,Tomato
29-07-2017,Kg,45,50,47.5,Tomato
30-07-2017,Kg,45,50,47.5,Tomato
31-07-2017,Kg,45,50,47.5,Tomato
01-08-2017,Kg,40,50,45,Tomato
02-08-2017,Kg,40,50,45,Tomato
03-08-2017,Kg,40,45,42.5,Tomato
04-08-2017,Kg,40,50,45,Tomato
05-08-2017,Kg,40,50,45,Tomato
06-08-2017,Kg,40,50,45,Tomato
07-08-2017,Kg,40,50,45,Tomato
08-08-2017,Kg,50,55,52.5,Tomato
09-08-2017,Kg,45,50,47.5,Tomato
10-08-2017,Kg,45,50,47.5,Tomato
11-08-2017,Kg,50,55,52.5,Tomato
12-08-2017,Kg,50,55,52.5,Tomato
13-08-2017,Kg,60,65,62.5,Tomato
14-08-2017,Kg,70,75,72.5,Tomato
15-08-2017,Kg,60,65,62.5,Tomato
16-08-2017,Kg,70,75,72.5,Tomato
17-08-2017,Kg,70,80,75,Tomato
18-08-2017,Kg,75,80,77.5,Tomato
19-08-2017,Kg,75,80,77.5,Tomato
20-08-2017,Kg,75,80,77.5,Tomato
21-08-2017,Kg,70,75,72.5,Tomato
22-08-2017,Kg,70,75,72.5,Tomato
23-08-2017,Kg,65,70,67.5,Tomato
24-08-2017,Kg,50,55,52.5,Tomato
25-08-2017,Kg,50,55,52.5,Tomato
26-08-2017,Kg,50,55,52.5,Tomato
27-08-2017,Kg,40,45,42.5,Tomato
28-08-2017,Kg,38,43,40.5,Tomato
29-08-2017,Kg,38,43,40.5,Tomato
30-08-2017,Kg,35,40,37.5,Tomato
31-08-2017,Kg,35,40,37.5,Tomato
01-09-2017,Kg,30,35,32.5,Tomato
02-09-2017,Kg,30,35,32.5,Tomato
03-09-2017,Kg,32,35,33.5,Tomato
04-09-2017,Kg,45,50,47.5,Tomato
05-09-2017,Kg,45,50,47.5,Tomato
06-09-2017,Kg,45,50,47.5,Tomato
07-09-2017,Kg,45,50,47.5,Tomato
08-09-2017,Kg,45,50,47.5,Tomato
09-09-2017,Kg,45,50,47.5,Tomato
10-09-2017,Kg,45,50,47.5,Tomato
11-09-2017,Kg,45,50,47.5,Tomato
12-09-2017,Kg,35,40,37.5,Tomato
13-09-2017,Kg,35,40,37.5,Tomato
14-09-2017,Kg,35,40,37.5,Tomato
15-09-2017,Kg,35,45,40,Tomato
16-09-2017,Kg,35,40,37.5,Tomato
17-09-2017,Kg,35,40,37.5,Tomato
18-09-2017,Kg,40,45,42.5,Tomato
20-09-2017,Kg,45,50,47.5,Tomato
21-09-2017,Kg,60,70,65,Tomato
22-09-2017,Kg,65,75,70,Tomato
23-09-2017,Kg,70,80,75,Tomato
24-09-2017,Kg,60,65,62.5,Tomato
25-09-2017,Kg,55,65,60,Tomato
26-09-2017,Kg,55,60,57.5,Tomato
27-09-2017,Kg,55,60,57.5,Tomato
28-09-2017,Kg,55,65,60,Tomato
29-09-2017,Kg,50,55,52.5,Tomato
30-09-2017,Kg,45,50,47.5,Tomato
01-10-2017,Kg,35,40,37.5,Tomato
02-10-2017,Kg,25,30,27.5,Tomato
03-10-2017,Kg,20,25,22.5,Tomato
04-10-2017,Kg,20,25,22.5,Tomato
05-10-2017,Kg,20,25,22.5,Tomato
06-10-2017,Kg,23,26,24.5,Tomato
07-10-2017,Kg,23,26,24.5,Tomato
08-10-2017,Kg,30,35,32.5,Tomato
09-10-2017,Kg,45,55,50,Tomato
10-10-2017,Kg,48,55,51.5,Tomato
11-10-2017,Kg,58,65,61.5,Tomato
12-10-2017,Kg,55,60,57.5,Tomato
13-10-2017,Kg,55,60,57.5,Tomato
14-10-2017,Kg,65,70,67.5,Tomato
15-10-2017,Kg,52,60,56,Tomato
16-10-2017,Kg,50,55,52.5,Tomato
17-10-2017,Kg,45,55,50,Tomato
18-10-2017,Kg,55,60,57.5,Tomato
19-10-2017,Kg,55,60,57.5,Tomato
20-10-2017,Kg,45,50,47.5,Tomato
21-10-2017,Kg,65,70,67.5,Tomato
22-10-2017,Kg,75,80,77.5,Tomato
23-10-2017,Kg,58,62,60,Tomato
24-10-2017,Kg,53,58,55.5,Tomato
25-10-2017,Kg,45,50,47.5,Tomato
26-10-2017,Kg,45,50,47.5,Tomato
27-10-2017,Kg,70,75,72.5,Tomato
28-10-2017,Kg,70,75,72.5,Tomato
29-10-2017,Kg,65,70,67.5,Tomato
30-10-2017,Kg,70,75,72.5,Tomato
31-10-2017,Kg,70,75,72.5,Tomato
01-11-2017,Kg,95,100,97.5,Tomato
02-11-2017,Kg,90,95,92.5,Tomato
03-11-2017,Kg,85,90,87.5,Tomato
04-11-2017,Kg,70,78,74,Tomato
05-11-2017,Kg,80,85,82.5,Tomato
06-11-2017,Kg,70,75,72.5,Tomato
07-11-2017,Kg,75,80,77.5,Tomato
08-11-2017,Kg,80,85,82.5,Tomato
09-11-2017,Kg,75,80,77.5,Tomato
10-11-2017,Kg,75,80,77.5,Tomato
11-11-2017,Kg,68,73,70.5,Tomato
12-11-2017,Kg,75,80,77.5,Tomato
13-11-2017,Kg,65,70,67.5,Tomato
14-11-2017,Kg,75,80,77.5,Tomato
15-11-2017,Kg,70,75,72.5,Tomato
16-11-2017,Kg,60,65,62.5,Tomato
17-11-2017,Kg,60,65,62.5,Tomato
18-11-2017,Kg,65,70,67.5,Tomato
19-11-2017,Kg,50,60,55,Tomato
20-11-2017,Kg,45,50,47.5,Tomato
21-11-2017,Kg,45,50,47.5,Tomato
22-11-2017,Kg,50,55,52.5,Tomato
23-11-2017,Kg,55,60,57.5,Tomato
24-11-2017,Kg,60,65,62.5,Tomato
25-11-2017,Kg,52,58,55,Tomato
26-11-2017,Kg,55,60,57.5,Tomato
27-11-2017,Kg,65,70,67.5,Tomato
28-11-2017,Kg,60,65,62.5,Tomato
29-11-2017,Kg,50,55,52.5,Tomato
30-11-2017,Kg,55,60,57.5,Tomato
01-12-2017,Kg,55,60,57.5,Tomato
02-12-2017,Kg,55,60,57.5,Tomato
03-12-2017,Kg,60,70,65,Tomato
04-12-2017,Kg,70,75,72.5,Tomato
05-12-2017,Kg,80,85,82.5,Tomato
06-12-2017,Kg,70,75,72.5,Tomato
08-12-2017,Kg,75,80,77.5,Tomato
09-12-2017,Kg,75,80,77.5,Tomato
10-12-2017,Kg,65,70,67.5,Tomato
11-12-2017,Kg,65,70,67.5,Tomato
12-12-2017,Kg,65,70,67.5,Tomato
13-12-2017,Kg,55,60,57.5,Tomato
14-12-2017,Kg,45,50,47.5,Tomato
15-12-2017,Kg,40,45,42.5,Tomato
16-12-2017,Kg,35,40,37.5,Tomato
17-12-2017,Kg,35,40,37.5,Tomato
18-12-2017,Kg,30,35,32.5,Tomato
19-12-2017,Kg,25,30,27.5,Tomato
20-12-2017,Kg,25,30,27.5,Tomato
27-12-2017,Kg,25,30,27.5,Tomato
28-12-2017,Kg,25,30,27.5,Tomato
29-12-2017,Kg,20,25,22.5,Tomato
30-12-2017,Kg,20,25,22.5,Tomato
31-12-2017,Kg,20,25,22.5,Tomato
01-01-2018,Kg,20,25,22.5,Tomato
02-01-2018,Kg,25,30,27.5,Tomato
03-01-2018,Kg,25,30,27.5,Tomato
04-01-2018,Kg,25,30,27.5,Tomato
05-01-2018,Kg,30,35,32.5,Tomato
06-01-2018,Kg,35,40,37.5,Tomato
07-01-2018,Kg,25,30,27.5,Tomato
08-01-2018,Kg,30,35,32.5,Tomato
09-01-2018,Kg,30,35,32.5,Tomato
10-01-2018,Kg,30,35,32.5,Tomato
11-01-2018,Kg,30,35,32.5,Tomato
12-01-2018,Kg,40,45,42.5,Tomato
13-01-2018,Kg,45,50,47.5,Tomato
14-01-2018,Kg,45,50,47.5,Tomato
16-01-2018,Kg,35,40,37.5,Tomato
17-01-2018,Kg,40,45,42.5,Tomato
18-01-2018,Kg,35,40,37.5,Tomato
19-01-2018,Kg,35,40,37.5,Tomato
20-01-2018,Kg,38,43,40.5,Tomato
21-01-2018,Kg,30,35,32.5,Tomato
22-01-2018,Kg,25,30,27.5,Tomato
23-01-2018,Kg,20,25,22.5,Tomato
24-01-2018,Kg,20,25,22.5,Tomato
25-01-2018,Kg,20,25,22.5,Tomato
26-01-2018,Kg,18,20,19,Tomato
27-01-2018,Kg,15,20,17.5,Tomato
28-01-2018,Kg,16,20,18,Tomato
29-01-2018,Kg,15,20,17.5,Tomato
30-01-2018,Kg,15,20,17.5,Tomato
31-01-2018,Kg,15,20,17.5,Tomato
01-02-2018,Kg,15,20,17.5,Tomato
02-02-2018,Kg,12,15,13.5,Tomato
03-02-2018,Kg,12,16,14,Tomato
04-02-2018,Kg,20,25,22.5,Tomato
05-02-2018,Kg,25,30,27.5,Tomato
06-02-2018,Kg,25,30,27.5,Tomato
07-02-2018,Kg,18,20,19,Tomato
08-02-2018,Kg,18,20,19,Tomato
09-02-2018,Kg,18,22,20,Tomato
10-02-2018,Kg,18,20,19,Tomato
11-02-2018,Kg,15,20,17.5,Tomato
12-02-2018,Kg,15,20,17.5,Tomato
13-02-2018,Kg,15,20,17.5,Tomato
14-02-2018,Kg,20,25,22.5,Tomato
15-02-2018,Kg,20,25,22.5,Tomato
16-02-2018,Kg,25,30,27.5,Tomato
17-02-2018,Kg,20,25,22.5,Tomato
18-02-2018,Kg,25,30,27.5,Tomato
19-02-2018,Kg,25,28,26.5,Tomato
20-02-2018,Kg,25,30,27.5,Tomato
21-02-2018,Kg,25,30,27.5,Tomato
22-02-2018,Kg,20,25,22.5,Tomato
23-02-2018,Kg,20,25,22.5,Tomato
24-02-2018,Kg,20,25,22.5,Tomato
25-02-2018,Kg,25,30,27.5,Tomato
26-02-2018,Kg,30,35,32.5,Tomato
27-02-2018,Kg,30,35,32.5,Tomato
28-02-2018,Kg,30,35,32.5,Tomato
01-03-2018,Kg,35,40,37.5,Tomato
02-03-2018,Kg,33,36,34.5,Tomato
03-03-2018,Kg,30,35,32.5,Tomato
05-03-2018,Kg,30,35,32.5,Tomato
06-03-2018,Kg,33,36,34.5,Tomato
07-03-2018,Kg,30,35,32.5,Tomato
08-03-2018,Kg,30,35,32.5,Tomato
09-03-2018,Kg,30,35,32.5,Tomato
10-03-2018,Kg,40,50,45,Tomato
11-03-2018,Kg,25,30,27.5,Tomato
12-03-2018,Kg,25,30,27.5,Tomato
13-03-2018,Kg,25,30,27.5,Tomato
14-03-2018,Kg,25,30,27.5,Tomato
15-03-2018,Kg,25,30,27.5,Tomato
16-03-2018,Kg,25,30,27.5,Tomato
17-03-2018,Kg,25,30,27.5,Tomato
18-03-2018,Kg,45,50,47.5,Tomato
19-03-2018,Kg,50,55,52.5,Tomato
20-03-2018,Kg,50,55,52.5,Tomato
21-03-2018,Kg,50,55,52.5,Tomato
22-03-2018,Kg,50,55,52.5,Tomato
23-03-2018,Kg,50,55,52.5,Tomato
24-03-2018,Kg,40,48,44,Tomato
25-03-2018,Kg,40,45,42.5,Tomato
26-03-2018,Kg,30,35,32.5,Tomato
27-03-2018,Kg,30,35,32.5,Tomato
28-03-2018,Kg,30,35,32.5,Tomato
29-03-2018,Kg,30,35,32.5,Tomato
30-03-2018,Kg,30,35,32.5,Tomato
31-03-2018,Kg,30,35,32.5,Tomato
01-04-2018,Kg,35,40,37.5,Tomato
02-04-2018,Kg,40,45,42.5,Tomato
03-04-2018,Kg,40,45,42.5,Tomato
04-04-2018,Kg,35,40,37.5,Tomato
05-04-2018,Kg,35,40,37.5,Tomato
06-04-2018,Kg,30,35,32.5,Tomato
07-04-2018,Kg,24,30,27,Tomato
08-04-2018,Kg,28,33,30.5,Tomato
09-04-2018,Kg,25,30,27.5,Tomato
10-04-2018,Kg,25,30,27.5,Tomato
11-04-2018,Kg,23,26,24.5,Tomato
12-04-2018,Kg,28,33,30.5,Tomato
13-04-2018,Kg,35,40,37.5,Tomato
14-04-2018,Kg,30,35,32.5,Tomato
15-04-2018,Kg,35,40,37.5,Tomato
16-04-2018,Kg,28,33,30.5,Tomato
17-04-2018,Kg,25,30,27.5,Tomato
18-04-2018,Kg,20,25,22.5,Tomato
19-04-2018,Kg,20,25,22.5,Tomato
20-04-2018,Kg,25,30,27.5,Tomato
21-04-2018,Kg,26,33,29.5,Tomato
22-04-2018,Kg,28,33,30.5,Tomato
23-04-2018,Kg,20,25,22.5,Tomato
24-04-2018,Kg,20,25,22.5,Tomato
25-04-2018,Kg,20,25,22.5,Tomato
26-04-2018,Kg,20,25,22.5,Tomato
27-04-2018,Kg,20,25,22.5,Tomato
28-04-2018,Kg,22,26,24,Tomato
29-04-2018,Kg,20,25,22.5,Tomato
30-04-2018,Kg,25,30,27.5,Tomato
01-05-2018,Kg,25,30,27.5,Tomato
02-05-2018,Kg,30,35,32.5,Tomato
03-05-2018,Kg,25,30,27.5,Tomato
04-05-2018,Kg,25,30,27.5,Tomato
05-05-2018,Kg,20,25,22.5,Tomato
06-05-2018,Kg,20,25,22.5,Tomato
07-05-2018,Kg,20,25,22.5,Tomato
08-05-2018,Kg,20,25,22.5,Tomato
09-05-2018,Kg,20,25,22.5,Tomato
10-05-2018,Kg,20,25,22.5,Tomato
11-05-2018,Kg,20,25,22.5,Tomato
12-05-2018,Kg,20,25,22.5,Tomato
13-05-2018,Kg,40,45,42.5,Tomato
14-05-2018,Kg,40,45,42.5,Tomato
15-05-2018,Kg,40,45,42.5,Tomato
16-05-2018,Kg,35,40,37.5,Tomato
17-05-2018,Kg,35,40,37.5,Tomato
18-05-2018,Kg,25,30,27.5,Tomato
19-05-2018,Kg,20,25,22.5,Tomato
20-05-2018,Kg,25,30,27.5,Tomato
21-05-2018,Kg,25,30,27.5,Tomato
22-05-2018,Kg,25,30,27.5,Tomato
23-05-2018,Kg,25,30,27.5,Tomato
24-05-2018,Kg,40,45,42.5,Tomato
25-05-2018,Kg,40,45,42.5,Tomato
26-05-2018,Kg,35,40,37.5,Tomato
27-05-2018,Kg,35,40,37.5,Tomato
28-05-2018,Kg,40,45,42.5,Tomato
29-05-2018,Kg,40,45,42.5,Tomato
30-05-2018,Kg,44,50,47,Tomato
31-05-2018,Kg,40,45,42.5,Tomato
01-06-2018,Kg,35,40,37.5,Tomato
02-06-2018,Kg,30,35,32.5,Tomato
03-06-2018,Kg,40,45,42.5,Tomato
04-06-2018,Kg,35,40,37.5,Tomato
05-06-2018,Kg,35,40,37.5,Tomato
06-06-2018,Kg,35,40,37.5,Tomato
07-06-2018,Kg,35,40,37.5,Tomato
08-06-2018,Kg,35,40,37.5,Tomato
09-06-2018,Kg,40,48,44,Tomato
10-06-2018,Kg,40,45,42.5,Tomato
11-06-2018,Kg,40,45,42.5,Tomato
12-06-2018,Kg,40,45,42.5,Tomato
13-06-2018,Kg,30,38,34,Tomato
14-06-2018,Kg,30,35,32.5,Tomato
15-06-2018,Kg,30,35,32.5,Tomato
16-06-2018,Kg,35,40,37.5,Tomato
17-06-2018,Kg,30,35,32.5,Tomato
18-06-2018,Kg,35,40,37.5,Tomato
19-06-2018,Kg,25,30,27.5,Tomato
20-06-2018,Kg,30,38,34,Tomato
21-06-2018,Kg,35,40,37.5,Tomato
22-06-2018,Kg,45,50,47.5,Tomato
23-06-2018,Kg,40,45,42.5,Tomato
24-06-2018,Kg,30,35,32.5,Tomato
25-06-2018,Kg,35,40,37.5,Tomato
26-06-2018,Kg,30,35,32.5,Tomato
27-06-2018,Kg,28,33,30.5,Tomato
28-06-2018,Kg,20,25,22.5,Tomato
29-06-2018,Kg,18,20,19,Tomato
30-06-2018,Kg,18,20,19,Tomato
01-07-2018,Kg,18,22,20,Tomato
02-07-2018,Kg,15,20,17.5,Tomato
03-07-2018,Kg,18,22,20,Tomato
04-07-2018,Kg,18,20,19,Tomato
05-07-2018,Kg,18,20,19,Tomato
06-07-2018,Kg,15,20,17.5,Tomato
07-07-2018,Kg,20,25,22.5,Tomato
08-07-2018,Kg,18,20,19,Tomato
09-07-2018,Kg,25,30,27.5,Tomato
10-07-2018,Kg,25,30,27.5,Tomato
11-07-2018,Kg,25,30,27.5,Tomato
12-07-2018,Kg,18,22,20,Tomato
13-07-2018,Kg,15,20,17.5,Tomato
14-07-2018,Kg,15,20,17.5,Tomato
15-07-2018,Kg,12,17,14.5,Tomato
16-07-2018,Kg,15,20,17.5,Tomato
17-07-2018,Kg,20,25,22.5,Tomato
18-07-2018,Kg,20,25,22.5,Tomato
19-07-2018,Kg,20,25,22.5,Tomato
20-07-2018,Kg,15,20,17.5,Tomato
21-07-2018,Kg,15,20,17.5,Tomato
22-07-2018,Kg,15,20,17.5,Tomato
23-07-2018,Kg,15,20,17.5,Tomato
24-07-2018,Kg,15,20,17.5,Tomato
25-07-2018,Kg,15,20,17.5,Tomato
26-07-2018,Kg,15,20,17.5,Tomato
27-07-2018,Kg,15,20,17.5,Tomato
28-07-2018,Kg,18,25,21.5,Tomato
29-07-2018,Kg,19,23,21,Tomato
30-07-2018,Kg,20,25,22.5,Tomato
31-07-2018,Kg,25,30,27.5,Tomato
01-08-2018,Kg,20,25,22.5,Tomato
02-08-2018,Kg,20,25,22.5,Tomato
03-08-2018,Kg,20,25,22.5,Tomato
04-08-2018,Kg,20,25,22.5,Tomato
05-08-2018,Kg,25,30,27.5,Tomato
06-08-2018,Kg,33,36,34.5,Tomato
07-08-2018,Kg,30,35,32.5,Tomato
08-08-2018,Kg,33,35,34,Tomato
09-08-2018,Kg,35,40,37.5,Tomato
10-08-2018,Kg,43,47,45,Tomato
11-08-2018,Kg,45,50,47.5,Tomato
12-08-2018,Kg,38,40,39,Tomato
13-08-2018,Kg,33,36,34.5,Tomato
14-08-2018,Kg,30,35,32.5,Tomato
15-08-2018,Kg,30,35,32.5,Tomato
16-08-2018,Kg,25,30,27.5,Tomato
17-08-2018,Kg,20,25,22.5,Tomato
18-08-2018,Kg,25,30,27.5,Tomato
19-08-2018,Kg,20,25,22.5,Tomato
20-08-2018,Kg,25,30,27.5,Tomato
21-08-2018,Kg,25,30,27.5,Tomato
22-08-2018,Kg,25,30,27.5,Tomato
23-08-2018,Kg,20,25,22.5,Tomato
24-08-2018,Kg,20,25,22.5,Tomato
25-08-2018,Kg,20,25,22.5,Tomato
26-08-2018,Kg,15,20,17.5,Tomato
27-08-2018,Kg,18,25,21.5,Tomato
28-08-2018,Kg,20,25,22.5,Tomato
29-08-2018,Kg,25,30,27.5,Tomato
30-08-2018,Kg,30,35,32.5,Tomato
31-08-2018,Kg,33,36,34.5,Tomato
01-09-2018,Kg,35,40,37.5,Tomato
02-09-2018,Kg,40,45,42.5,Tomato
03-09-2018,Kg,43,47,45,Tomato
04-09-2018,Kg,40,45,42.5,Tomato
05-09-2018,Kg,40,47,43.5,Tomato
06-09-2018,Kg,40,45,42.5,Tomato
07-09-2018,Kg,40,45,42.5,Tomato
08-09-2018,Kg,45,50,47.5,Tomato
09-09-2018,Kg,45,50,47.5,Tomato
10-09-2018,Kg,50,53,51.5,Tomato
11-09-2018,Kg,45,50,47.5,Tomato
12-09-2018,Kg,35,40,37.5,Tomato
13-09-2018,Kg,35,40,37.5,Tomato
14-09-2018,Kg,30,35,32.5,Tomato
15-09-2018,Kg,30,35,32.5,Tomato
16-09-2018,Kg,30,34,32,Tomato
17-09-2018,Kg,30,35,32.5,Tomato
18-09-2018,Kg,50,55,52.5,Tomato
19-09-2018,Kg,45,50,47.5,Tomato
20-09-2018,Kg,45,50,47.5,Tomato
21-09-2018,Kg,40,45,42.5,Tomato
22-09-2018,Kg,43,48,45.5,Tomato
23-09-2018,Kg,48,52,50,Tomato
24-09-2018,Kg,40,45,42.5,Tomato
25-09-2018,Kg,40,45,42.5,Tomato
26-09-2018,Kg,38,43,40.5,Tomato
27-09-2018,Kg,35,40,37.5,Tomato
28-09-2018,Kg,35,43,39,Tomato
29-09-2018,Kg,40,45,42.5,Tomato
30-09-2018,Kg,45,50,47.5,Tomato
01-10-2018,Kg,43,48,45.5,Tomato
02-10-2018,Kg,46,52,49,Tomato
03-10-2018,Kg,48,53,50.5,Tomato
04-10-2018,Kg,50,55,52.5,Tomato
05-10-2018,Kg,58,66,62,Tomato
06-10-2018,Kg,60,67,63.5,Tomato
07-10-2018,Kg,70,80,75,Tomato
08-10-2018,Kg,60,70,65,Tomato
09-10-2018,Kg,60,68,64,Tomato
10-10-2018,Kg,65,70,67.5,Tomato
11-10-2018,Kg,60,70,65,Tomato
12-10-2018,Kg,60,70,65,Tomato
13-10-2018,Kg,60,65,62.5,Tomato
14-10-2018,Kg,60,70,65,Tomato
15-10-2018,Kg,65,70,67.5,Tomato
16-10-2018,Kg,45,52,48.5,Tomato
17-10-2018,Kg,45,52,48.5,Tomato
18-10-2018,Kg,45,52,48.5,Tomato
19-10-2018,Kg,50,58,54,Tomato
20-10-2018,Kg,40,48,44,Tomato
21-10-2018,Kg,35,40,37.5,Tomato
22-10-2018,Kg,20,30,25,Tomato
23-10-2018,Kg,20,25,22.5,Tomato
24-10-2018,Kg,20,25,22.5,Tomato
25-10-2018,Kg,25,30,27.5,Tomato
26-10-2018,Kg,25,30,27.5,Tomato
27-10-2018,Kg,25,30,27.5,Tomato
28-10-2018,Kg,25,30,27.5,Tomato
29-10-2018,Kg,34,38,36,Tomato
30-10-2018,Kg,30,35,32.5,Tomato
31-10-2018,Kg,35,45,40,Tomato
01-11-2018,Kg,35,45,40,Tomato
02-11-2018,Kg,35,40,37.5,Tomato
03-11-2018,Kg,25,30,27.5,Tomato
04-11-2018,Kg,25,30,27.5,Tomato
05-11-2018,Kg,25,30,27.5,Tomato
06-11-2018,Kg,22,28,25,Tomato
07-11-2018,Kg,22,28,25,Tomato
08-11-2018,Kg,20,25,22.5,Tomato
09-11-2018,Kg,20,25,22.5,Tomato
10-11-2018,Kg,20,25,22.5,Tomato
11-11-2018,Kg,18,24,21,Tomato
12-11-2018,Kg,20,28,24,Tomato
13-11-2018,Kg,20,25,22.5,Tomato
14-11-2018,Kg,20,25,22.5,Tomato
15-11-2018,Kg,15,20,17.5,Tomato
16-11-2018,Kg,12,20,16,Tomato
17-11-2018,Kg,17,25,21,Tomato
18-11-2018,Kg,15,25,20,Tomato
19-11-2018,Kg,15,25,20,Tomato
20-11-2018,Kg,18,25,21.5,Tomato
21-11-2018,Kg,18,25,21.5,Tomato
22-11-2018,Kg,20,25,22.5,Tomato
23-11-2018,Kg,18,25,21.5,Tomato
24-11-2018,Kg,18,20,19,Tomato
25-11-2018,Kg,18,25,21.5,Tomato
26-11-2018,Kg,16,22,19,Tomato
27-11-2018,Kg,16,22,19,Tomato
28-11-2018,Kg,16,24,20,Tomato
29-11-2018,Kg,20,28,24,Tomato
30-11-2018,Kg,18,24,21,Tomato
01-12-2018,Kg,15,20,17.5,Tomato
02-12-2018,Kg,20,25,22.5,Tomato
03-12-2018,Kg,20,30,25,Tomato
04-12-2018,Kg,20,25,22.5,Tomato
05-12-2018,Kg,15,20,17.5,Tomato
06-12-2018,Kg,12,20,16,Tomato
07-12-2018,Kg,15,25,20,Tomato
08-12-2018,Kg,18,24,21,Tomato
09-12-2018,Kg,15,25,20,Tomato
10-12-2018,Kg,20,25,22.5,Tomato
11-12-2018,Kg,15,25,20,Tomato
12-12-2018,Kg,20,25,22.5,Tomato
13-12-2018,Kg,15,25,20,Tomato
14-12-2018,Kg,20,25,22.5,Tomato
15-12-2018,Kg,20,25,22.5,Tomato
16-12-2018,Kg,20,25,22.5,Tomato
17-12-2018,Kg,18,25,21.5,Tomato
18-12-2018,Kg,15,25,20,Tomato
19-12-2018,Kg,15,20,17.5,Tomato
20-12-2018,Kg,15,20,17.5,Tomato
21-12-2018,Kg,10,20,15,Tomato
22-12-2018,Kg,18,22,20,Tomato
23-12-2018,Kg,15,20,17.5,Tomato
24-12-2018,Kg,15,20,17.5,Tomato
25-12-2018,Kg,18,22,20,Tomato
26-12-2018,Kg,15,20,17.5,Tomato
27-12-2018,Kg,15,20,17.5,Tomato
28-12-2018,Kg,15,20,17.5,Tomato
29-12-2018,Kg,15,20,17.5,Tomato
30-12-2018,Kg,15,20,17.5,Tomato
31-12-2018,Kg,20,30,25,Tomato
01-01-2019,Kg,20,25,22.5,Tomato
02-01-2019,Kg,20,25,22.5,Tomato
03-01-2019,Kg,20,25,22.5,Tomato
04-01-2019,Kg,20,25,22.5,Tomato
05-01-2019,Kg,22,28,25,Tomato
06-01-2019,Kg,30,35,32.5,Tomato
07-01-2019,Kg,30,35,32.5,Tomato
08-01-2019,Kg,30,35,32.5,Tomato
09-01-2019,Kg,30,35,32.5,Tomato
10-01-2019,Kg,30,35,32.5,Tomato
11-01-2019,Kg,30,35,32.5,Tomato
12-01-2019,Kg,28,30,29,Tomato
13-01-2019,Kg,30,35,32.5,Tomato
14-01-2019,Kg,20,30,25,Tomato
15-01-2019,Kg,30,35,32.5,Tomato
16-01-2019,Kg,25,30,27.5,Tomato
17-01-2019,Kg,22,28,25,Tomato
18-01-2019,Kg,25,30,27.5,Tomato
19-01-2019,Kg,20,25,22.5,Tomato
20-01-2019,Kg,20,25,22.5,Tomato
21-01-2019,Kg,20,25,22.5,Tomato
22-01-2019,Kg,20,25,22.5,Tomato
23-01-2019,Kg,18,22,20,Tomato
24-01-2019,Kg,15,20,17.5,Tomato
25-01-2019,Kg,15,20,17.5,Tomato
26-01-2019,Kg,18,24,21,Tomato
27-01-2019,Kg,15,20,17.5,Tomato
28-01-2019,Kg,15,20,17.5,Tomato
29-01-2019,Kg,20,25,22.5,Tomato
30-01-2019,Kg,20,25,22.5,Tomato
31-01-2019,Kg,20,25,22.5,Tomato
01-02-2019,Kg,20,25,22.5,Tomato
02-02-2019,Kg,20,25,22.5,Tomato
03-02-2019,Kg,15,20,17.5,Tomato
04-02-2019,Kg,15,20,17.5,Tomato
05-02-2019,Kg,15,20,17.5,Tomato
06-02-2019,Kg,15,20,17.5,Tomato
07-02-2019,Kg,15,20,17.5,Tomato
08-02-2019,Kg,20,25,22.5,Tomato
09-02-2019,Kg,25,30,27.5,Tomato
10-02-2019,Kg,30,35,32.5,Tomato
11-02-2019,Kg,35,40,37.5,Tomato
12-02-2019,Kg,25,35,30,Tomato
13-02-2019,Kg,20,25,22.5,Tomato
14-02-2019,Kg,20,25,22.5,Tomato
15-02-2019,Kg,25,30,27.5,Tomato
16-02-2019,Kg,25,30,27.5,Tomato
17-02-2019,Kg,20,25,22.5,Tomato
18-02-2019,Kg,20,25,22.5,Tomato
19-02-2019,Kg,23,30,26.5,Tomato
20-02-2019,Kg,25,30,27.5,Tomato
21-02-2019,Kg,30,35,32.5,Tomato
22-02-2019,Kg,30,35,32.5,Tomato
23-02-2019,Kg,30,35,32.5,Tomato
24-02-2019,Kg,30,35,32.5,Tomato
25-02-2019,Kg,30,35,32.5,Tomato
26-02-2019,Kg,30,35,32.5,Tomato
27-02-2019,Kg,30,35,32.5,Tomato
28-02-2019,Kg,30,35,32.5,Tomato
01-03-2019,Kg,30,35,32.5,Tomato
02-03-2019,Kg,35,40,37.5,Tomato
03-03-2019,Kg,35,40,37.5,Tomato
05-03-2019,Kg,35,40,37.5,Tomato
06-03-2019,Kg,35,40,37.5,Tomato
07-03-2019,Kg,40,45,42.5,Tomato
08-03-2019,Kg,40,45,42.5,Tomato
09-03-2019,Kg,40,45,42.5,Tomato
10-03-2019,Kg,40,45,42.5,Tomato
11-03-2019,Kg,40,45,42.5,Tomato
12-03-2019,Kg,40,45,42.5,Tomato
13-03-2019,Kg,40,45,42.5,Tomato
14-03-2019,Kg,40,45,42.5,Tomato
15-03-2019,Kg,55,60,57.5,Tomato
16-03-2019,Kg,55,60,57.5,Tomato
17-03-2019,Kg,50,55,52.5,Tomato
18-03-2019,Kg,50,55,52.5,Tomato
19-03-2019,Kg,50,55,52.5,Tomato
20-03-2019,Kg,50,55,52.5,Tomato
21-03-2019,Kg,50,55,52.5,Tomato
22-03-2019,Kg,45,50,47.5,Tomato
23-03-2019,Kg,55,60,57.5,Tomato
24-03-2019,Kg,55,60,57.5,Tomato
25-03-2019,Kg,55,60,57.5,Tomato
26-03-2019,Kg,55,60,57.5,Tomato
27-03-2019,Kg,45,50,47.5,Tomato
28-03-2019,Kg,45,50,47.5,Tomato
29-03-2019,Kg,35,40,37.5,Tomato
30-03-2019,Kg,35,40,37.5,Tomato
31-03-2019,Kg,28,33,30.5,Tomato
01-04-2019,Kg,25,30,27.5,Tomato
02-04-2019,Kg,25,30,27.5,Tomato
03-04-2019,Kg,30,35,32.5,Tomato
04-04-2019,Kg,40,45,42.5,Tomato
05-04-2019,Kg,35,40,37.5,Tomato
06-04-2019,Kg,35,40,37.5,Tomato
07-04-2019,Kg,35,40,37.5,Tomato
08-04-2019,Kg,35,40,37.5,Tomato
09-04-2019,Kg,35,40,37.5,Tomato
10-04-2019,Kg,35,40,37.5,Tomato
11-04-2019,Kg,30,35,32.5,Tomato
12-04-2019,Kg,30,35,32.5,Tomato
13-04-2019,Kg,32,38,35,Tomato
14-04-2019,Kg,30,35,32.5,Tomato
15-04-2019,Kg,35,40,37.5,Tomato
16-04-2019,Kg,30,35,32.5,Tomato
17-04-2019,Kg,30,35,32.5,Tomato
18-04-2019,Kg,35,40,37.5,Tomato
19-04-2019,Kg,35,40,37.5,Tomato
20-04-2019,Kg,40,45,42.5,Tomato
21-04-2019,Kg,40,45,42.5,Tomato
22-04-2019,Kg,40,45,42.5,Tomato
23-04-2019,Kg,40,45,42.5,Tomato
24-04-2019,Kg,38,43,40.5,Tomato
25-04-2019,Kg,38,42,40,Tomato
26-04-2019,Kg,38,40,39,Tomato
27-04-2019,Kg,40,45,42.5,Tomato
28-04-2019,Kg,45,50,47.5,Tomato
29-04-2019,Kg,55,60,57.5,Tomato
30-04-2019,Kg,70,75,72.5,Tomato
01-05-2019,Kg,70,75,72.5,Tomato
02-05-2019,Kg,65,70,67.5,Tomato
03-05-2019,Kg,60,65,62.5,Tomato
04-05-2019,Kg,60,65,62.5,Tomato
05-05-2019,Kg,65,70,67.5,Tomato
06-05-2019,Kg,65,70,67.5,Tomato
07-05-2019,Kg,60,65,62.5,Tomato
08-05-2019,Kg,65,70,67.5,Tomato
09-05-2019,Kg,60,65,62.5,Tomato
10-05-2019,Kg,65,70,67.5,Tomato
11-05-2019,Kg,75,80,77.5,Tomato
12-05-2019,Kg,85,90,87.5,Tomato
13-05-2019,Kg,85,90,87.5,Tomato
14-05-2019,Kg,85,90,87.5,Tomato
15-05-2019,Kg,95,100,97.5,Tomato
16-05-2019,Kg,75,80,77.5,Tomato
17-05-2019,Kg,75,80,77.5,Tomato
18-05-2019,Kg,75,80,77.5,Tomato
19-05-2019,Kg,75,80,77.5,Tomato
20-05-2019,Kg,75,80,77.5,Tomato
21-05-2019,Kg,75,80,77.5,Tomato
22-05-2019,Kg,80,90,85,Tomato
23-05-2019,Kg,75,85,80,Tomato
24-05-2019,Kg,75,80,77.5,Tomato
25-05-2019,Kg,65,78,71.5,Tomato
26-05-2019,Kg,65,75,70,Tomato
27-05-2019,Kg,55,65,60,Tomato
28-05-2019,Kg,55,65,60,Tomato
29-05-2019,Kg,65,75,70,Tomato
30-05-2019,Kg,70,80,75,Tomato
31-05-2019,Kg,65,75,70,Tomato
01-06-2019,Kg,65,70,67.5,Tomato
02-06-2019,Kg,65,75,70,Tomato
03-06-2019,Kg,65,70,67.5,Tomato
04-06-2019,Kg,60,65,62.5,Tomato
05-06-2019,Kg,40,48,44,Tomato
06-06-2019,Kg,40,45,42.5,Tomato
07-06-2019,Kg,40,45,42.5,Tomato
08-06-2019,Kg,45,50,47.5,Tomato
09-06-2019,Kg,40,45,42.5,Tomato
10-06-2019,Kg,40,45,42.5,Tomato
11-06-2019,Kg,40,45,42.5,Tomato
12-06-2019,Kg,40,50,45,Tomato
13-06-2019,Kg,45,50,47.5,Tomato
14-06-2019,Kg,40,45,42.5,Tomato
15-06-2019,Kg,40,45,42.5,Tomato
16-06-2019,Kg,35,40,37.5,Tomato
17-06-2019,Kg,35,40,37.5,Tomato
18-06-2019,Kg,30,35,32.5,Tomato
19-06-2019,Kg,30,35,32.5,Tomato
20-06-2019,Kg,30,35,32.5,Tomato
21-06-2019,Kg,20,25,22.5,Tomato
22-06-2019,Kg,15,20,17.5,Tomato
23-06-2019,Kg,15,20,17.5,Tomato
24-06-2019,Kg,25,30,27.5,Tomato
25-06-2019,Kg,25,30,27.5,Tomato
26-06-2019,Kg,20,25,22.5,Tomato
27-06-2019,Kg,20,25,22.5,Tomato
28-06-2019,Kg,20,25,22.5,Tomato
29-06-2019,Kg,20,25,22.5,Tomato
30-06-2019,Kg,20,25,22.5,Tomato
01-07-2019,Kg,20,25,22.5,Tomato
02-07-2019,Kg,35,40,37.5,Tomato
03-07-2019,Kg,28,34,31,Tomato
04-07-2019,Kg,35,40,37.5,Tomato
05-07-2019,Kg,38,42,40,Tomato
06-07-2019,Kg,35,40,37.5,Tomato
07-07-2019,Kg,40,45,42.5,Tomato
08-07-2019,Kg,38,42,40,Tomato
09-07-2019,Kg,35,40,37.5,Tomato
10-07-2019,Kg,40,45,42.5,Tomato
11-07-2019,Kg,50,55,52.5,Tomato
12-07-2019,Kg,45,50,47.5,Tomato
13-07-2019,Kg,60,66,63,Tomato
14-07-2019,Kg,65,70,67.5,Tomato
15-07-2019,Kg,65,70,67.5,Tomato
16-07-2019,Kg,65,75,70,Tomato
17-07-2019,Kg,70,80,75,Tomato
18-07-2019,Kg,75,80,77.5,Tomato
19-07-2019,Kg,65,70,67.5,Tomato
20-07-2019,Kg,65,70,67.5,Tomato
21-07-2019,Kg,65,70,67.5,Tomato
22-07-2019,Kg,60,65,62.5,Tomato
23-07-2019,Kg,50,60,55,Tomato
24-07-2019,Kg,45,50,47.5,Tomato
25-07-2019,Kg,40,45,42.5,Tomato
26-07-2019,Kg,45,50,47.5,Tomato
27-07-2019,Kg,40,45,42.5,Tomato
28-07-2019,Kg,42,50,46,Tomato
29-07-2019,Kg,45,50,47.5,Tomato
30-07-2019,Kg,50,60,55,Tomato
31-07-2019,Kg,58,62,60,Tomato
01-08-2019,Kg,60,65,62.5,Tomato
02-08-2019,Kg,60,65,62.5,Tomato
03-08-2019,Kg,55,60,57.5,Tomato
04-08-2019,Kg,55,60,57.5,Tomato
05-08-2019,Kg,50,55,52.5,Tomato
06-08-2019,Kg,50,55,52.5,Tomato
07-08-2019,Kg,55,60,57.5,Tomato
08-08-2019,Kg,60,65,62.5,Tomato
09-08-2019,Kg,60,65,62.5,Tomato
10-08-2019,Kg,58,65,61.5,Tomato
11-08-2019,Kg,58,65,61.5,Tomato
12-08-2019,Kg,58,65,61.5,Tomato
13-08-2019,Kg,60,70,65,Tomato
14-08-2019,Kg,60,65,62.5,Tomato
15-08-2019,Kg,75,80,77.5,Tomato
16-08-2019,Kg,75,80,77.5,Tomato
17-08-2019,Kg,75,85,80,Tomato
18-08-2019,Kg,80,86,83,Tomato
19-08-2019,Kg,85,90,87.5,Tomato
20-08-2019,Kg,90,95,92.5,Tomato
21-08-2019,Kg,85,95,90,Tomato
22-08-2019,Kg,80,90,85,Tomato
23-08-2019,Kg,70,80,75,Tomato
24-08-2019,Kg,70,75,72.5,Tomato
25-08-2019,Kg,70,75,72.5,Tomato
26-08-2019,Kg,70,80,75,Tomato
27-08-2019,Kg,55,60,57.5,Tomato
28-08-2019,Kg,50,55,52.5,Tomato
29-08-2019,Kg,45,55,50,Tomato
30-08-2019,Kg,50,55,52.5,Tomato
31-08-2019,Kg,45,50,47.5,Tomato
01-09-2019,Kg,40,50,45,Tomato
02-09-2019,Kg,40,46,43,Tomato
03-09-2019,Kg,40,47,43.5,Tomato
04-09-2019,Kg,34,40,37,Tomato
05-09-2019,Kg,30,35,32.5,Tomato
06-09-2019,Kg,30,35,32.5,Tomato
07-09-2019,Kg,30,35,32.5,Tomato
08-09-2019,Kg,35,40,37.5,Tomato
09-09-2019,Kg,45,50,47.5,Tomato
10-09-2019,Kg,40,45,42.5,Tomato
11-09-2019,Kg,40,45,42.5,Tomato
12-09-2019,Kg,35,40,37.5,Tomato
13-09-2019,Kg,35,40,37.5,Tomato
14-09-2019,Kg,30,35,32.5,Tomato
15-09-2019,Kg,30,35,32.5,Tomato
16-09-2019,Kg,30,35,32.5,Tomato
17-09-2019,Kg,30,35,32.5,Tomato
18-09-2019,Kg,32,40,36,Tomato
19-09-2019,Kg,35,40,37.5,Tomato
20-09-2019,Kg,30,40,35,Tomato
21-09-2019,Kg,35,40,37.5,Tomato
22-09-2019,Kg,40,50,45,Tomato
23-09-2019,Kg,50,57,53.5,Tomato
24-09-2019,Kg,50,55,52.5,Tomato
25-09-2019,Kg,40,50,45,Tomato
26-09-2019,Kg,35,40,37.5,Tomato
27-09-2019,Kg,30,40,35,Tomato
28-09-2019,Kg,30,35,32.5,Tomato
29-09-2019,Kg,35,40,37.5,Tomato
30-09-2019,Kg,35,40,37.5,Tomato
01-10-2019,Kg,35,40,37.5,Tomato
02-10-2019,Kg,35,45,40,Tomato
03-10-2019,Kg,40,45,42.5,Tomato
04-10-2019,Kg,45,50,47.5,Tomato
05-10-2019,Kg,45,50,47.5,Tomato
06-10-2019,Kg,55,60,57.5,Tomato
08-10-2019,Kg,65,70,67.5,Tomato
09-10-2019,Kg,70,75,72.5,Tomato
10-10-2019,Kg,35,40,37.5,Tomato
11-10-2019,Kg,30,35,32.5,Tomato
12-10-2019,Kg,30,35,32.5,Tomato
13-10-2019,Kg,25,30,27.5,Tomato
14-10-2019,Kg,30,35,32.5,Tomato
15-10-2019,Kg,33,38,35.5,Tomato
16-10-2019,Kg,38,45,41.5,Tomato
17-10-2019,Kg,40,45,42.5,Tomato
18-10-2019,Kg,45,50,47.5,Tomato
19-10-2019,Kg,40,45,42.5,Tomato
20-10-2019,Kg,48,53,50.5,Tomato
21-10-2019,Kg,50,55,52.5,Tomato
22-10-2019,Kg,50,60,55,Tomato
23-10-2019,Kg,50,55,52.5,Tomato
24-10-2019,Kg,55,60,57.5,Tomato
25-10-2019,Kg,65,75,70,Tomato
26-10-2019,Kg,75,80,77.5,Tomato
27-10-2019,Kg,80,90,85,Tomato
28-10-2019,Kg,60,70,65,Tomato
29-10-2019,Kg,80,90,85,Tomato
30-10-2019,Kg,115,120,117.5,Tomato
31-10-2019,Kg,80,90,85,Tomato
01-11-2019,Kg,80,90,85,Tomato
02-11-2019,Kg,60,70,65,Tomato
03-11-2019,Kg,60,65,62.5,Tomato
04-11-2019,Kg,80,90,85,Tomato
05-11-2019,Kg,85,90,87.5,Tomato
06-11-2019,Kg,80,90,85,Tomato
07-11-2019,Kg,70,80,75,Tomato
08-11-2019,Kg,60,70,65,Tomato
09-11-2019,Kg,60,70,65,Tomato
10-11-2019,Kg,55,65,60,Tomato
11-11-2019,Kg,45,55,50,Tomato
12-11-2019,Kg,40,50,45,Tomato
13-11-2019,Kg,35,45,40,Tomato
14-11-2019,Kg,35,45,40,Tomato
15-11-2019,Kg,35,45,40,Tomato
16-11-2019,Kg,35,40,37.5,Tomato
17-11-2019,Kg,35,40,37.5,Tomato
18-11-2019,Kg,30,35,32.5,Tomato
19-11-2019,Kg,30,40,35,Tomato
20-11-2019,Kg,30,35,32.5,Tomato
21-11-2019,Kg,30,40,35,Tomato
22-11-2019,Kg,30,35,32.5,Tomato
23-11-2019,Kg,30,40,35,Tomato
24-11-2019,Kg,30,35,32.5,Tomato
25-11-2019,Kg,25,35,30,Tomato
26-11-2019,Kg,25,30,27.5,Tomato
27-11-2019,Kg,20,30,25,Tomato
28-11-2019,Kg,20,25,22.5,Tomato
29-11-2019,Kg,20,28,24,Tomato
30-11-2019,Kg,22,30,26,Tomato
01-12-2019,Kg,30,35,32.5,Tomato
02-12-2019,Kg,30,35,32.5,Tomato
03-12-2019,Kg,30,35,32.5,Tomato
04-12-2019,Kg,30,35,32.5,Tomato
05-12-2019,Kg,35,45,40,Tomato
06-12-2019,Kg,45,50,47.5,Tomato
07-12-2019,Kg,45,50,47.5,Tomato
08-12-2019,Kg,40,45,42.5,Tomato
09-12-2019,Kg,40,50,45,Tomato
10-12-2019,Kg,40,50,45,Tomato
11-12-2019,Kg,35,45,40,Tomato
12-12-2019,Kg,35,40,37.5,Tomato
13-12-2019,Kg,38,45,41.5,Tomato
14-12-2019,Kg,40,50,45,Tomato
15-12-2019,Kg,50,55,52.5,Tomato
16-12-2019,Kg,35,45,40,Tomato
17-12-2019,Kg,30,40,35,Tomato
18-12-2019,Kg,35,40,37.5,Tomato
19-12-2019,Kg,20,30,25,Tomato
20-12-2019,Kg,20,30,25,Tomato
21-12-2019,Kg,20,25,22.5,Tomato
22-12-2019,Kg,30,40,35,Tomato
23-12-2019,Kg,35,40,37.5,Tomato
24-12-2019,Kg,20,30,25,Tomato
25-12-2019,Kg,20,30,25,Tomato
26-12-2019,Kg,30,35,32.5,Tomato
27-12-2019,Kg,20,30,25,Tomato
28-12-2019,Kg,25,30,27.5,Tomato
29-12-2019,Kg,25,30,27.5,Tomato
30-12-2019,Kg,25,30,27.5,Tomato
31-12-2019,Kg,40,45,42.5,Tomato
01-01-2020,Kg,35,45,40,Tomato
02-01-2020,Kg,40,50,45,Tomato
03-01-2020,Kg,43,50,46.5,Tomato
04-01-2020,Kg,45,55,50,Tomato
05-01-2020,Kg,40,50,45,Tomato
06-01-2020,Kg,40,50,45,Tomato
07-01-2020,Kg,35,40,37.5,Tomato
08-01-2020,Kg,35,40,37.5,Tomato
09-01-2020,Kg,20,30,25,Tomato
10-01-2020,Kg,25,35,30,Tomato
11-01-2020,Kg,20,25,22.5,Tomato
12-01-2020,Kg,25,30,27.5,Tomato
13-01-2020,Kg,40,45,42.5,Tomato
14-01-2020,Kg,35,40,37.5,Tomato
15-01-2020,Kg,30,35,32.5,Tomato
16-01-2020,Kg,20,30,25,Tomato
17-01-2020,Kg,20,30,25,Tomato
18-01-2020,Kg,25,30,27.5,Tomato
19-01-2020,Kg,25,30,27.5,Tomato
20-01-2020,Kg,25,30,27.5,Tomato
21-01-2020,Kg,20,25,22.5,Tomato
22-01-2020,Kg,20,30,25,Tomato
23-01-2020,Kg,20,25,22.5,Tomato
24-01-2020,Kg,14,20,17,Tomato
25-01-2020,Kg,15,20,17.5,Tomato
26-01-2020,Kg,20,25,22.5,Tomato
27-01-2020,Kg,25,30,27.5,Tomato
28-01-2020,Kg,15,25,20,Tomato
29-01-2020,Kg,15,25,20,Tomato
30-01-2020,Kg,15,25,20,Tomato
31-01-2020,Kg,20,25,22.5,Tomato
01-02-2020,Kg,15,20,17.5,Tomato
02-02-2020,Kg,15,25,20,Tomato
03-02-2020,Kg,15,20,17.5,Tomato
04-02-2020,Kg,15,20,17.5,Tomato
05-02-2020,Kg,22,25,23.5,Tomato
06-02-2020,Kg,15,20,17.5,Tomato
07-02-2020,Kg,15,20,17.5,Tomato
08-02-2020,Kg,15,20,17.5,Tomato
09-02-2020,Kg,15,20,17.5,Tomato
10-02-2020,Kg,12,20,16,Tomato
11-02-2020,Kg,10,15,12.5,Tomato
12-02-2020,Kg,10,15,12.5,Tomato
13-02-2020,Kg,10,15,12.5,Tomato
14-02-2020,Kg,20,25,22.5,Tomato
15-02-2020,Kg,20,25,22.5,Tomato
16-02-2020,Kg,20,25,22.5,Tomato
17-02-2020,Kg,20,25,22.5,Tomato
18-02-2020,Kg,20,25,22.5,Tomato
19-02-2020,Kg,14,20,17,Tomato
20-02-2020,Kg,15,20,17.5,Tomato
21-02-2020,Kg,12,20,16,Tomato
22-02-2020,Kg,10,15,12.5,Tomato
23-02-2020,Kg,15,20,17.5,Tomato
24-02-2020,Kg,15,20,17.5,Tomato
25-02-2020,Kg,15,20,17.5,Tomato
26-02-2020,Kg,15,20,17.5,Tomato
27-02-2020,Kg,20,25,22.5,Tomato
28-02-2020,Kg,10,15,12.5,Tomato
29-02-2020,Kg,12,20,16,Tomato
01-03-2020,Kg,30,40,35,Tomato
02-03-2020,Kg,25,30,27.5,Tomato
04-03-2020,Kg,25,30,27.5,Tomato
05-03-2020,Kg,25,30,27.5,Tomato
06-03-2020,Kg,30,35,32.5,Tomato
07-03-2020,Kg,40,45,42.5,Tomato
08-03-2020,Kg,30,35,32.5,Tomato
09-03-2020,Kg,25,30,27.5,Tomato
10-03-2020,Kg,25,30,27.5,Tomato
11-03-2020,Kg,25,30,27.5,Tomato
12-03-2020,Kg,25,30,27.5,Tomato
13-03-2020,Kg,30,35,32.5,Tomato
14-03-2020,Kg,30,35,32.5,Tomato
15-03-2020,Kg,35,40,37.5,Tomato
16-03-2020,Kg,35,40,37.5,Tomato
17-03-2020,Kg,35,40,37.5,Tomato
18-03-2020,Kg,35,40,37.5,Tomato
19-03-2020,Kg,35,40,37.5,Tomato
20-03-2020,Kg,35,40,37.5,Tomato
21-03-2020,Kg,35,40,37.5,Tomato
22-03-2020,Kg,50,55,52.5,Tomato
23-03-2020,Kg,55,60,57.5,Tomato
25-03-2020,Kg,50,60,55,Tomato
26-03-2020,Kg,75,80,77.5,Tomato
27-03-2020,Kg,65,70,67.5,Tomato
28-03-2020,Kg,65,70,67.5,Tomato
29-03-2020,Kg,75,80,77.5,Tomato
30-03-2020,Kg,80,85,82.5,Tomato
31-03-2020,Kg,55,60,57.5,Tomato
01-04-2020,Kg,45,50,47.5,Tomato
02-04-2020,Kg,45,50,47.5,Tomato
03-04-2020,Kg,35,40,37.5,Tomato
04-04-2020,Kg,35,40,37.5,Tomato
05-04-2020,Kg,35,40,37.5,Tomato
06-04-2020,Kg,35,40,37.5,Tomato
07-04-2020,Kg,45,50,47.5,Tomato
08-04-2020,Kg,45,50,47.5,Tomato
22-04-2020,Kg,20,25,22.5,Tomato
23-04-2020,Kg,15,20,17.5,Tomato
24-04-2020,Kg,20,25,22.5,Tomato
25-04-2020,Kg,20,25,22.5,Tomato
26-04-2020,Kg,20,25,22.5,Tomato
27-04-2020,Kg,20,25,22.5,Tomato
28-04-2020,Kg,20,25,22.5,Tomato
29-04-2020,Kg,20,25,22.5,Tomato
30-04-2020,Kg,20,25,22.5,Tomato
01-05-2020,Kg,20,25,22.5,Tomato
02-05-2020,Kg,20,25,22.5,Tomato
03-05-2020,Kg,25,30,27.5,Tomato
04-05-2020,Kg,25,30,27.5,Tomato
05-05-2020,Kg,25,30,27.5,Tomato
06-05-2020,Kg,30,35,32.5,Tomato
07-05-2020,Kg,25,30,27.5,Tomato
08-05-2020,Kg,25,30,27.5,Tomato
09-05-2020,Kg,25,30,27.5,Tomato
10-05-2020,Kg,30,35,32.5,Tomato
11-05-2020,Kg,35,40,37.5,Tomato
12-05-2020,Kg,35,40,37.5,Tomato
13-05-2020,Kg,35,40,37.5,Tomato
14-05-2020,Kg,35,40,37.5,Tomato
15-05-2020,Kg,30,35,32.5,Tomato
16-05-2020,Kg,30,35,32.5,Tomato
17-05-2020,Kg,45,50,47.5,Tomato
18-05-2020,Kg,40,45,42.5,Tomato
19-05-2020,Kg,25,35,30,Tomato
20-05-2020,Kg,30,35,32.5,Tomato
22-05-2020,Kg,20,25,22.5,Tomato
23-05-2020,Kg,15,20,17.5,Tomato
24-05-2020,Kg,15,20,17.5,Tomato
25-05-2020,Kg,15,20,17.5,Tomato
26-05-2020,Kg,15,20,17.5,Tomato
27-05-2020,Kg,15,20,17.5,Tomato
28-05-2020,Kg,20,25,22.5,Tomato
29-05-2020,Kg,20,25,22.5,Tomato
30-05-2020,Kg,15,20,17.5,Tomato
31-05-2020,Kg,10,15,12.5,Tomato
01-06-2020,Kg,15,20,17.5,Tomato
02-06-2020,Kg,10,15,12.5,Tomato
03-06-2020,Kg,15,20,17.5,Tomato
04-06-2020,Kg,15,20,17.5,Tomato
05-06-2020,Kg,25,30,27.5,Tomato
06-06-2020,Kg,35,40,37.5,Tomato
07-06-2020,Kg,25,30,27.5,Tomato
08-06-2020,Kg,30,35,32.5,Tomato
09-06-2020,Kg,25,30,27.5,Tomato
10-06-2020,Kg,25,30,27.5,Tomato
11-06-2020,Kg,25,30,27.5,Tomato
12-06-2020,Kg,25,30,27.5,Tomato
13-06-2020,Kg,20,25,22.5,Tomato
14-06-2020,Kg,25,30,27.5,Tomato
15-06-2020,Kg,25,30,27.5,Tomato
16-06-2020,Kg,25,30,27.5,Tomato
17-06-2020,Kg,20,25,22.5,Tomato
18-06-2020,Kg,22,25,23.5,Tomato
19-06-2020,Kg,15,20,17.5,Tomato
20-06-2020,Kg,15,20,17.5,Tomato
21-06-2020,Kg,15,20,17.5,Tomato
22-06-2020,Kg,15,20,17.5,Tomato
23-06-2020,Kg,15,20,17.5,Tomato
24-06-2020,Kg,15,20,17.5,Tomato
25-06-2020,Kg,15,20,17.5,Tomato
26-06-2020,Kg,25,30,27.5,Tomato
27-06-2020,Kg,25,30,27.5,Tomato
28-06-2020,Kg,25,30,27.5,Tomato
29-06-2020,Kg,20,25,22.5,Tomato
30-06-2020,Kg,20,25,22.5,Tomato
01-07-2020,Kg,15,20,17.5,Tomato
02-07-2020,Kg,10,15,12.5,Tomato
03-07-2020,Kg,10,15,12.5,Tomato
04-07-2020,Kg,10,15,12.5,Tomato
05-07-2020,Kg,15,20,17.5,Tomato
06-07-2020,Kg,15,20,17.5,Tomato
07-07-2020,Kg,15,20,17.5,Tomato
08-07-2020,Kg,15,20,17.5,Tomato
09-07-2020,Kg,12,18,15,Tomato
10-07-2020,Kg,12,18,15,Tomato
11-07-2020,Kg,10,15,12.5,Tomato
13-07-2020,Kg,10,15,12.5,Tomato
14-07-2020,Kg,10,15,12.5,Tomato
15-07-2020,Kg,10,15,12.5,Tomato
16-07-2020,Kg,10,15,12.5,Tomato
17-07-2020,Kg,12,18,15,Tomato
18-07-2020,Kg,13,18,15.5,Tomato
19-07-2020,Kg,12,18,15,Tomato
20-07-2020,Kg,12,18,15,Tomato
21-07-2020,Kg,15,20,17.5,Tomato
22-07-2020,Kg,15,20,17.5,Tomato
23-07-2020,Kg,15,20,17.5,Tomato
24-07-2020,Kg,18,22,20,Tomato
25-07-2020,Kg,25,30,27.5,Tomato
26-07-2020,Kg,28,35,31.5,Tomato
27-07-2020,Kg,35,40,37.5,Tomato
28-07-2020,Kg,40,50,45,Tomato
29-07-2020,Kg,40,45,42.5,Tomato
30-07-2020,Kg,45,50,47.5,Tomato
31-07-2020,Kg,45,50,47.5,Tomato
01-08-2020,Kg,40,45,42.5,Tomato
02-08-2020,Kg,40,45,42.5,Tomato
03-08-2020,Kg,45,50,47.5,Tomato
04-08-2020,Kg,40,45,42.5,Tomato
05-08-2020,Kg,40,45,42.5,Tomato
06-08-2020,Kg,40,45,42.5,Tomato
07-08-2020,Kg,35,40,37.5,Tomato
08-08-2020,Kg,35,40,37.5,Tomato
09-08-2020,Kg,34,40,37,Tomato
10-08-2020,Kg,30,35,32.5,Tomato
11-08-2020,Kg,28,33,30.5,Tomato
12-08-2020,Kg,25,30,27.5,Tomato
13-08-2020,Kg,25,30,27.5,Tomato
14-08-2020,Kg,25,30,27.5,Tomato
15-08-2020,Kg,25,30,27.5,Tomato
16-08-2020,Kg,25,30,27.5,Tomato
17-08-2020,Kg,35,40,37.5,Tomato
18-08-2020,Kg,45,50,47.5,Tomato
19-08-2020,Kg,55,60,57.5,Tomato
20-08-2020,Kg,65,70,67.5,Tomato
21-08-2020,Kg,60,65,62.5,Tomato
22-08-2020,Kg,60,65,62.5,Tomato
23-08-2020,Kg,60,65,62.5,Tomato
24-08-2020,Kg,50,60,55,Tomato
25-08-2020,Kg,50,60,55,Tomato
26-08-2020,Kg,40,50,45,Tomato
27-08-2020,Kg,50,55,52.5,Tomato
28-08-2020,Kg,75,80,77.5,Tomato
29-08-2020,Kg,75,80,77.5,Tomato
30-08-2020,Kg,70,75,72.5,Tomato
31-08-2020,Kg,65,70,67.5,Tomato
01-09-2020,Kg,45,50,47.5,Tomato
02-09-2020,Kg,50,55,52.5,Tomato
03-09-2020,Kg,50,60,55,Tomato
04-09-2020,Kg,50,60,55,Tomato
05-09-2020,Kg,50,60,55,Tomato
06-09-2020,Kg,50,60,55,Tomato
07-09-2020,Kg,45,50,47.5,Tomato
08-09-2020,Kg,45,50,47.5,Tomato
09-09-2020,Kg,40,45,42.5,Tomato
10-09-2020,Kg,40,45,42.5,Tomato
11-09-2020,Kg,40,45,42.5,Tomato
12-09-2020,Kg,50,55,52.5,Tomato
13-09-2020,Kg,50,60,55,Tomato
14-09-2020,Kg,70,75,72.5,Tomato
15-09-2020,Kg,75,80,77.5,Tomato
16-09-2020,Kg,75,80,77.5,Tomato
17-09-2020,Kg,90,100,95,Tomato
18-09-2020,Kg,95,100,97.5,Tomato
19-09-2020,Kg,80,85,82.5,Tomato
20-09-2020,Kg,85,90,87.5,Tomato
21-09-2020,Kg,80,85,82.5,Tomato
22-09-2020,Kg,80,90,85,Tomato
23-09-2020,Kg,80,85,82.5,Tomato
24-09-2020,Kg,80,85,82.5,Tomato
25-09-2020,Kg,85,90,87.5,Tomato
26-09-2020,Kg,75,80,77.5,Tomato
27-09-2020,Kg,65,70,67.5,Tomato
28-09-2020,Kg,75,85,80,Tomato
29-09-2020,Kg,90,95,92.5,Tomato
30-09-2020,Kg,70,75,72.5,Tomato
01-10-2020,Kg,60,65,62.5,Tomato
02-10-2020,Kg,45,50,47.5,Tomato
03-10-2020,Kg,45,50,47.5,Tomato
04-10-2020,Kg,45,50,47.5,Tomato
05-10-2020,Kg,35,40,37.5,Tomato
06-10-2020,Kg,35,40,37.5,Tomato
07-10-2020,Kg,35,40,37.5,Tomato
08-10-2020,Kg,35,40,37.5,Tomato
09-10-2020,Kg,40,45,42.5,Tomato
10-10-2020,Kg,40,45,42.5,Tomato
11-10-2020,Kg,45,50,47.5,Tomato
12-10-2020,Kg,65,70,67.5,Tomato
13-10-2020,Kg,75,80,77.5,Tomato
14-10-2020,Kg,60,70,65,Tomato
15-10-2020,Kg,55,60,57.5,Tomato
16-10-2020,Kg,65,70,67.5,Tomato
17-10-2020,Kg,60,70,65,Tomato
18-10-2020,Kg,60,65,62.5,Tomato
19-10-2020,Kg,55,60,57.5,Tomato
20-10-2020,Kg,60,65,62.5,Tomato
21-10-2020,Kg,70,80,75,Tomato
22-10-2020,Kg,75,85,80,Tomato
23-10-2020,Kg,70,80,75,Tomato
24-10-2020,Kg,75,85,80,Tomato
25-10-2020,Kg,100,115,107.5,Tomato
26-10-2020,Kg,90,100,95,Tomato
27-10-2020,Kg,70,80,75,Tomato
28-10-2020,Kg,60,65,62.5,Tomato
29-10-2020,Kg,45,55,50,Tomato
30-10-2020,Kg,45,50,47.5,Tomato
31-10-2020,Kg,50,55,52.5,Tomato
01-11-2020,Kg,55,60,57.5,Tomato
02-11-2020,Kg,45,55,50,Tomato
03-11-2020,Kg,42,50,46,Tomato
04-11-2020,Kg,55,62,58.5,Tomato
05-11-2020,Kg,50,55,52.5,Tomato
06-11-2020,Kg,42,50,46,Tomato
07-11-2020,Kg,40,45,42.5,Tomato
08-11-2020,Kg,35,40,37.5,Tomato
09-11-2020,Kg,38,45,41.5,Tomato
10-11-2020,Kg,35,42,38.5,Tomato
11-11-2020,Kg,40,45,42.5,Tomato
12-11-2020,Kg,42,50,46,Tomato
13-11-2020,Kg,40,45,42.5,Tomato
14-11-2020,Kg,35,40,37.5,Tomato
15-11-2020,Kg,35,40,37.5,Tomato
16-11-2020,Kg,40,50,45,Tomato
17-11-2020,Kg,45,50,47.5,Tomato
18-11-2020,Kg,50,60,55,Tomato
19-11-2020,Kg,50,55,52.5,Tomato
20-11-2020,Kg,40,45,42.5,Tomato
21-11-2020,Kg,35,40,37.5,Tomato
22-11-2020,Kg,30,40,35,Tomato
23-11-2020,Kg,40,45,42.5,Tomato
24-11-2020,Kg,40,45,42.5,Tomato
25-11-2020,Kg,40,50,45,Tomato
26-11-2020,Kg,40,50,45,Tomato
27-11-2020,Kg,45,55,50,Tomato
28-11-2020,Kg,45,52,48.5,Tomato
29-11-2020,Kg,35,40,37.5,Tomato
30-11-2020,Kg,40,45,42.5,Tomato
01-12-2020,Kg,45,55,50,Tomato
02-12-2020,Kg,48,55,51.5,Tomato
03-12-2020,Kg,50,55,52.5,Tomato
04-12-2020,Kg,45,55,50,Tomato
05-12-2020,Kg,45,55,50,Tomato
06-12-2020,Kg,45,50,47.5,Tomato
07-12-2020,Kg,45,55,50,Tomato
08-12-2020,Kg,45,55,50,Tomato
09-12-2020,Kg,50,55,52.5,Tomato
10-12-2020,Kg,55,65,60,Tomato
11-12-2020,Kg,45,52,48.5,Tomato
12-12-2020,Kg,50,55,52.5,Tomato
13-12-2020,Kg,40,50,45,Tomato
14-12-2020,Kg,35,45,40,Tomato
15-12-2020,Kg,35,45,40,Tomato
16-12-2020,Kg,35,40,37.5,Tomato
17-12-2020,Kg,30,40,35,Tomato
18-12-2020,Kg,30,40,35,Tomato
19-12-2020,Kg,40,50,45,Tomato
20-12-2020,Kg,40,50,45,Tomato
21-12-2020,Kg,35,45,40,Tomato
22-12-2020,Kg,40,50,45,Tomato
23-12-2020,Kg,35,45,40,Tomato
24-12-2020,Kg,45,55,50,Tomato
25-12-2020,Kg,40,50,45,Tomato
26-12-2020,Kg,45,55,50,Tomato
27-12-2020,Kg,45,55,50,Tomato
28-12-2020,Kg,50,55,52.5,Tomato
29-12-2020,Kg,45,50,47.5,Tomato
30-12-2020,Kg,45,50,47.5,Tomato
31-12-2020,Kg,40,45,42.5,Tomato
01-01-2021,Kg,40,45,42.5,Tomato
02-01-2021,Kg,30,40,35,Tomato
03-01-2021,Kg,35,40,37.5,Tomato
04-01-2021,Kg,30,40,35,Tomato
05-01-2021,Kg,30,35,32.5,Tomato
06-01-2021,Kg,35,45,40,Tomato
07-01-2021,Kg,30,40,35,Tomato
08-01-2021,Kg,25,35,30,Tomato
09-01-2021,Kg,15,25,20,Tomato
10-01-2021,Kg,10,15,12.5,Tomato
11-01-2021,Kg,12,18,15,Tomato
12-01-2021,Kg,15,25,20,Tomato
13-01-2021,Kg,15,25,20,Tomato
14-01-2021,Kg,15,20,17.5,Tomato
15-01-2021,Kg,15,20,17.5,Tomato
16-01-2021,Kg,20,30,25,Tomato
17-01-2021,Kg,15,20,17.5,Tomato
18-01-2021,Kg,15,20,17.5,Tomato
19-01-2021,Kg,12,18,15,Tomato
20-01-2021,Kg,12,18,15,Tomato
21-01-2021,Kg,10,20,15,Tomato
22-01-2021,Kg,10,20,15,Tomato
23-01-2021,Kg,10,20,15,Tomato
24-01-2021,Kg,15,20,17.5,Tomato
25-01-2021,Kg,14,18,16,Tomato
26-01-2021,Kg,18,22,20,Tomato
27-01-2021,Kg,20,25,22.5,Tomato
28-01-2021,Kg,20,25,22.5,Tomato
29-01-2021,Kg,12,20,16,Tomato
30-01-2021,Kg,15,20,17.5,Tomato
31-01-2021,Kg,15,20,17.5,Tomato
01-02-2021,Kg,15,20,17.5,Tomato
02-02-2021,Kg,12,20,16,Tomato
03-02-2021,Kg,15,20,17.5,Tomato
06-02-2021,Kg,15,20,17.5,Tomato
07-02-2021,Kg,15,20,17.5,Tomato
08-02-2021,Kg,15,20,17.5,Tomato
09-02-2021,Kg,12,20,16,Tomato
10-02-2021,Kg,15,20,17.5,Tomato
11-02-2021,Kg,15,25,20,Tomato
12-02-2021,Kg,12,16,14,Tomato
13-02-2021,Kg,12,20,16,Tomato
14-02-2021,Kg,15,20,17.5,Tomato
15-02-2021,Kg,15,20,17.5,Tomato
16-02-2021,Kg,15,20,17.5,Tomato
17-02-2021,Kg,15,20,17.5,Tomato
18-02-2021,Kg,15,20,17.5,Tomato
19-02-2021,Kg,10,15,12.5,Tomato
20-02-2021,Kg,8,15,11.5,Tomato
21-02-2021,Kg,8,15,11.5,Tomato
22-02-2021,Kg,10,15,12.5,Tomato
23-02-2021,Kg,10,15,12.5,Tomato
24-02-2021,Kg,15,20,17.5,Tomato
25-02-2021,Kg,15,20,17.5,Tomato
26-02-2021,Kg,15,20,17.5,Tomato
27-02-2021,Kg,15,20,17.5,Tomato
28-02-2021,Kg,15,20,17.5,Tomato
01-03-2021,Kg,8,12,10,Tomato
02-03-2021,Kg,10,15,12.5,Tomato
03-03-2021,Kg,10,15,12.5,Tomato
05-03-2021,Kg,12,15,13.5,Tomato
06-03-2021,Kg,15,20,17.5,Tomato
07-03-2021,Kg,15,20,17.5,Tomato
08-03-2021,Kg,10,15,12.5,Tomato
09-03-2021,Kg,10,15,12.5,Tomato
10-03-2021,Kg,20,25,22.5,Tomato
11-03-2021,Kg,20,25,22.5,Tomato
12-03-2021,Kg,20,25,22.5,Tomato
13-03-2021,Kg,15,20,17.5,Tomato
14-03-2021,Kg,20,25,22.5,Tomato
15-03-2021,Kg,25,30,27.5,Tomato
16-03-2021,Kg,25,30,27.5,Tomato
17-03-2021,Kg,15,20,17.5,Tomato
18-03-2021,Kg,15,20,17.5,Tomato
19-03-2021,Kg,25,30,27.5,Tomato
20-03-2021,Kg,20,25,22.5,Tomato
21-03-2021,Kg,20,25,22.5,Tomato
22-03-2021,Kg,40,50,45,Tomato
23-03-2021,Kg,40,50,45,Tomato
24-03-2021,Kg,40,50,45,Tomato
25-03-2021,Kg,30,40,35,Tomato
26-03-2021,Kg,30,40,35,Tomato
27-03-2021,Kg,40,50,45,Tomato
28-03-2021,Kg,40,50,45,Tomato
29-03-2021,Kg,45,50,47.5,Tomato
30-03-2021,Kg,45,50,47.5,Tomato
31-03-2021,Kg,45,50,47.5,Tomato
01-04-2021,Kg,30,40,35,Tomato
02-04-2021,Kg,30,40,35,Tomato
03-04-2021,Kg,35,45,40,Tomato
04-04-2021,Kg,45,50,47.5,Tomato
05-04-2021,Kg,30,40,35,Tomato
06-04-2021,Kg,30,35,32.5,Tomato
07-04-2021,Kg,30,40,35,Tomato
08-04-2021,Kg,30,40,35,Tomato
09-04-2021,Kg,30,40,35,Tomato
10-04-2021,Kg,30,40,35,Tomato
11-04-2021,Kg,25,35,30,Tomato
12-04-2021,Kg,25,35,30,Tomato
13-04-2021,Kg,20,25,22.5,Tomato
14-04-2021,Kg,20,25,22.5,Tomato
15-04-2021,Kg,15,20,17.5,Tomato
16-04-2021,Kg,15,20,17.5,Tomato
17-04-2021,Kg,12,16,14,Tomato
18-04-2021,Kg,15,20,17.5,Tomato
19-04-2021,Kg,10,15,12.5,Tomato
20-04-2021,Kg,10,15,12.5,Tomato
21-04-2021,Kg,15,20,17.5,Tomato
22-04-2021,Kg,10,15,12.5,Tomato
23-04-2021,Kg,14,18,16,Tomato
24-04-2021,Kg,10,15,12.5,Tomato
25-04-2021,Kg,15,20,17.5,Tomato
26-04-2021,Kg,10,15,12.5,Tomato
27-04-2021,Kg,10,15,12.5,Tomato
28-04-2021,Kg,15,20,17.5,Tomato
29-04-2021,Kg,30,40,35,Tomato
30-04-2021,Kg,20,25,22.5,Tomato
01-05-2021,Kg,20,25,22.5,Tomato
02-05-2021,Kg,25,30,27.5,Tomato
03-05-2021,Kg,15,20,17.5,Tomato
04-05-2021,Kg,10,15,12.5,Tomato
05-05-2021,Kg,10,15,12.5,Tomato
06-05-2021,Kg,10,15,12.5,Tomato
07-05-2021,Kg,15,20,17.5,Tomato
08-05-2021,Kg,10,15,12.5,Tomato
09-05-2021,Kg,10,15,12.5,Tomato
10-05-2021,Kg,10,15,12.5,Tomato
11-05-2021,Kg,10,15,12.5,Tomato
12-05-2021,Kg,30,35,32.5,Tomato
13-05-2021,Kg,35,40,37.5,Tomato
